split,user_index,label,candidate_ids,candidate_scores
val,0,43,"[43, 94, 89, 76, 104, 106, 59, 12, 44, 129, 85, 95, 153, 100, 49, 68, 70, 6, 47, 120]","[159.0, 158.0, 157.0, 156.0, 155.0, 154.0, 153.0, 152.0, 151.0, 150.0, 149.0, 148.0, 147.0, 146.0, 145.0, 144.0, 143.0, 142.0, 141.0, 140.0]"
val,1,96,"[13, 60, 84, 68, 89, 94, 66, 96, 47, 153, 133, 65, 112, 126, 40, 76, 29, 43, 137, 12]","[159.0, 158.0, 157.0, 156.0, 155.0, 154.0, 153.0, 152.0, 151.0, 150.0, 149.0, 148.0, 147.0, 146.0, 145.0, 144.0, 143.0, 142.0, 141.0, 140.0]"
val,2,117,"[135, 138, 109, 148, 7, 77, 51, 57, 58, 147, 10, 62, 93, 2, 32, 157, 125, 108, 28, 145]","[159.0, 158.0, 157.0, 156.0, 155.0, 154.0, 153.0, 152.0, 151.0, 150.0, 149.0, 148.0, 147.0, 146.0, 145.0, 144.0, 143.0, 142.0, 141.0, 140.0]"
val,3,127,"[127, 66, 60, 152, 95, 65, 37, 21, 112, 115, 11, 131, 18, 79, 5, 30, 31, 113, 25, 150]","[159.0, 158.0, 157.0, 156.0, 155.0, 154.0, 153.0, 152.0, 151.0, 150.0, 149.0, 148.0, 147.0, 146.0, 145.0, 144.0, 143.0, 142.0, 141.0, 140.0]"
val,4,84,"[129, 89, 153, 76, 136, 47, 6, 94, 59, 12, 44, 95, 49, 107, 11, 21, 29, 13, 108, 145]","[159.0, 158.0, 157.0, 156.0, 155.0, 154.0, 153.0, 152.0, 151.0, 150.0, 149.0, 148.0, 147.0, 146.0, 145.0, 144.0, 143.0, 142.0, 141.0, 140.0]"
val,5,145,"[109, 148, 58, 53, 57, 93, 92, 51, 45, 82, 147, 111, 10, 24, 28, 73, 128, 102, 149, 18]","[159.0, 158.0, 157.0, 156.0, 155.0, 154.0, 153.0, 152.0, 151.0, 150.0, 149.0, 148.0, 147.0, 146.0, 145.0, 144.0, 143.0, 142.0, 141.0, 140.0]"
val,6,117,"[77, 117, 62, 51, 58, 145, 109, 153, 10, 108, 34, 93, 135, 53, 47, 138, 104, 29, 125, 95]","[159.0, 158.0, 157.0, 156.0, 155.0, 154.0, 153.0, 152.0, 151.0, 150.0, 149.0, 148.0, 147.0, 146.0, 145.0, 144.0, 143.0, 142.0, 141.0, 140.0]"
val,7,13,"[13, 65, 21, 84, 97, 112, 142, 68, 96, 104, 106, 59, 129, 94, 40, 29, 95, 153, 43, 100]","[159.0, 158.0, 157.0, 156.0, 155.0, 154.0, 153.0, 152.0, 151.0, 150.0, 149.0, 148.0, 147.0, 146.0, 145.0, 144.0, 143.0, 142.0, 141.0, 140.0]"
val,8,24,"[116, 144, 22, 146, 114, 69, 8, 16, 78, 53, 54, 140, 72, 151, 67, 126, 77, 24, 2, 23]","[159.0, 158.0, 157.0, 156.0, 155.0, 154.0, 153.0, 152.0, 151.0, 150.0, 149.0, 148.0, 147.0, 146.0, 145.0, 144.0, 143.0, 142.0, 141.0, 140.0]"
val,9,65,"[137, 29, 86, 21, 6, 89, 43, 11, 65, 150, 49, 68, 44, 76, 107, 59, 94, 95, 93, 97]","[159.0, 158.0, 157.0, 156.0, 155.0, 154.0, 153.0, 152.0, 151.0, 150.0, 149.0, 148.0, 147.0, 146.0, 145.0, 144.0, 143.0, 142.0, 141.0, 140.0]"
val,10,60,"[60, 118, 84, 112, 97, 21, 13, 66, 87, 150, 68, 4, 94, 67, 44, 104, 26, 126, 142, 102]","[159.0, 158.0, 157.0, 156.0, 155.0, 154.0, 153.0, 152.0, 151.0, 150.0, 149.0, 148.0, 147.0, 146.0, 145.0, 144.0, 143.0, 142.0, 141.0, 140.0]"
val,11,47,"[106, 129, 153, 100, 89, 76, 47, 43, 40, 68, 94, 44, 12, 85, 136, 6, 95, 59, 107, 112]","[159.0, 158.0, 157.0, 156.0, 155.0, 154.0, 153.0, 152.0, 151.0, 150.0, 149.0, 148.0, 147.0, 146.0, 145.0, 144.0, 143.0, 142.0, 141.0, 140.0]"
val,12,127,"[127, 94, 84, 120, 43, 9, 4, 89, 71, 129, 152, 87, 12, 40, 44, 107, 59, 101, 37, 52]","[159.0, 158.0, 157.0, 156.0, 155.0, 154.0, 153.0, 152.0, 151.0, 150.0, 149.0, 148.0, 147.0, 146.0, 145.0, 144.0, 143.0, 142.0, 141.0, 140.0]"
val,13,6,"[133, 29, 27, 86, 6, 150, 11, 89, 49, 21, 145, 44, 65, 76, 43, 70, 97, 7, 59, 85]","[159.0, 158.0, 157.0, 156.0, 155.0, 154.0, 153.0, 152.0, 151.0, 150.0, 149.0, 148.0, 147.0, 146.0, 145.0, 144.0, 143.0, 142.0, 141.0, 140.0]"
val,14,155,"[159, 61, 154, 143, 99, 155, 122, 146, 54, 151, 50, 53, 140, 16, 141, 126, 24, 114, 67, 28]","[159.0, 158.0, 157.0, 156.0, 155.0, 154.0, 153.0, 152.0, 151.0, 150.0, 149.0, 148.0, 147.0, 146.0, 145.0, 144.0, 143.0, 142.0, 141.0, 140.0]"
val,15,153,"[104, 106, 153, 100, 68, 95, 136, 43, 6, 94, 59, 44, 12, 40, 49, 107, 13, 29, 21, 28]","[159.0, 158.0, 157.0, 156.0, 155.0, 154.0, 153.0, 152.0, 151.0, 150.0, 149.0, 148.0, 147.0, 146.0, 145.0, 144.0, 143.0, 142.0, 141.0, 140.0]"
val,16,129,"[89, 76, 43, 129, 70, 106, 153, 94, 85, 40, 136, 95, 96, 27, 47, 41, 87, 133, 139, 145]","[159.0, 158.0, 157.0, 156.0, 155.0, 154.0, 153.0, 152.0, 151.0, 150.0, 149.0, 148.0, 147.0, 146.0, 145.0, 144.0, 143.0, 142.0, 141.0, 140.0]"
val,17,97,"[13, 60, 59, 84, 68, 129, 106, 94, 127, 97, 100, 66, 153, 47, 96, 40, 104, 76, 43, 133]","[159.0, 158.0, 157.0, 156.0, 155.0, 154.0, 153.0, 152.0, 151.0, 150.0, 149.0, 148.0, 147.0, 146.0, 145.0, 144.0, 143.0, 142.0, 141.0, 140.0]"
val,18,13,"[89, 153, 129, 76, 104, 106, 11, 6, 44, 85, 12, 94, 100, 59, 40, 95, 49, 29, 66, 119]","[159.0, 158.0, 157.0, 156.0, 155.0, 154.0, 153.0, 152.0, 151.0, 150.0, 149.0, 148.0, 147.0, 146.0, 145.0, 144.0, 143.0, 142.0, 141.0, 140.0]"
val,19,118,"[65, 127, 84, 97, 66, 142, 68, 104, 106, 118, 150, 129, 59, 94, 137, 40, 29, 95, 153, 133]","[159.0, 158.0, 157.0, 156.0, 155.0, 154.0, 153.0, 152.0, 151.0, 150.0, 149.0, 148.0, 147.0, 146.0, 145.0, 144.0, 143.0, 142.0, 141.0, 140.0]"
val,20,43,"[89, 153, 129, 43, 76, 104, 106, 11, 47, 6, 44, 85, 68, 12, 70, 94, 59, 100, 40, 49]","[159.0, 158.0, 157.0, 156.0, 155.0, 154.0, 153.0, 152.0, 151.0, 150.0, 149.0, 148.0, 147.0, 146.0, 145.0, 144.0, 143.0, 142.0, 141.0, 140.0]"
val,21,47,"[95, 47, 6, 40, 12, 11, 29, 94, 49, 66, 7, 112, 107, 21, 13, 27, 150, 23, 108, 28]","[159.0, 158.0, 157.0, 156.0, 155.0, 154.0, 153.0, 152.0, 151.0, 150.0, 149.0, 148.0, 147.0, 146.0, 145.0, 144.0, 143.0, 142.0, 141.0, 140.0]"
val,22,60,"[84, 65, 97, 13, 60, 118, 112, 120, 150, 126, 76, 136, 59, 124, 88, 43, 26, 11, 3, 104]","[159.0, 158.0, 157.0, 156.0, 155.0, 154.0, 153.0, 152.0, 151.0, 150.0, 149.0, 148.0, 147.0, 146.0, 145.0, 144.0, 143.0, 142.0, 141.0, 140.0]"
val,23,137,"[137, 27, 21, 6, 89, 43, 11, 65, 150, 49, 44, 68, 76, 59, 93, 95, 107, 94, 97, 40]","[159.0, 158.0, 157.0, 156.0, 155.0, 154.0, 153.0, 152.0, 151.0, 150.0, 149.0, 148.0, 147.0, 146.0, 145.0, 144.0, 143.0, 142.0, 141.0, 140.0]"
val,24,97,"[97, 13, 60, 21, 96, 127, 112, 118, 142, 143, 68, 126, 40, 129, 122, 104, 100, 139, 94, 115]","[159.0, 158.0, 157.0, 156.0, 155.0, 154.0, 153.0, 152.0, 151.0, 150.0, 149.0, 148.0, 147.0, 146.0, 145.0, 144.0, 143.0, 142.0, 141.0, 140.0]"
val,25,133,"[153, 127, 60, 150, 84, 66, 97, 13, 21, 142, 88, 96, 59, 129, 126, 65, 89, 12, 152, 76]","[159.0, 158.0, 157.0, 156.0, 155.0, 154.0, 153.0, 152.0, 151.0, 150.0, 149.0, 148.0, 147.0, 146.0, 145.0, 144.0, 143.0, 142.0, 141.0, 140.0]"
val,26,59,"[40, 89, 76, 59, 106, 44, 85, 12, 153, 11, 6, 104, 136, 129, 49, 68, 107, 47, 100, 27]","[159.0, 158.0, 157.0, 156.0, 155.0, 154.0, 153.0, 152.0, 151.0, 150.0, 149.0, 148.0, 147.0, 146.0, 145.0, 144.0, 143.0, 142.0, 141.0, 140.0]"
val,27,13,"[60, 84, 150, 97, 13, 66, 142, 21, 47, 96, 88, 11, 7, 65, 152, 93, 136, 118, 44, 86]","[159.0, 158.0, 157.0, 156.0, 155.0, 154.0, 153.0, 152.0, 151.0, 150.0, 149.0, 148.0, 147.0, 146.0, 145.0, 144.0, 143.0, 142.0, 141.0, 140.0]"
val,28,77,"[77, 58, 51, 10, 108, 145, 53, 104, 34, 109, 153, 93, 28, 135, 147, 146, 129, 81, 57, 106]","[159.0, 158.0, 157.0, 156.0, 155.0, 154.0, 153.0, 152.0, 151.0, 150.0, 149.0, 148.0, 147.0, 146.0, 145.0, 144.0, 143.0, 142.0, 141.0, 140.0]"
val,29,39,"[62, 77, 117, 2, 7, 34, 145, 93, 108, 125, 10, 147, 92, 57, 83, 53, 39, 28, 134, 23]","[159.0, 158.0, 157.0, 156.0, 155.0, 154.0, 153.0, 152.0, 151.0, 150.0, 149.0, 148.0, 147.0, 146.0, 145.0, 144.0, 143.0, 142.0, 141.0, 140.0]"
val,30,60,"[89, 43, 106, 40, 44, 76, 153, 104, 129, 49, 85, 94, 68, 100, 95, 107, 47, 70, 136, 21]","[159.0, 158.0, 157.0, 156.0, 155.0, 154.0, 153.0, 152.0, 151.0, 150.0, 149.0, 148.0, 147.0, 146.0, 145.0, 144.0, 143.0, 142.0, 141.0, 140.0]"
val,31,112,"[66, 60, 84, 97, 13, 150, 21, 96, 137, 133, 112, 107, 68, 118, 86, 126, 6, 95, 7, 89]","[159.0, 158.0, 157.0, 156.0, 155.0, 154.0, 153.0, 152.0, 151.0, 150.0, 149.0, 148.0, 147.0, 146.0, 145.0, 144.0, 143.0, 142.0, 141.0, 140.0]"
val,32,97,"[21, 84, 129, 112, 127, 65, 66, 97, 106, 96, 59, 68, 104, 142, 7, 40, 47, 29, 94, 43]","[159.0, 158.0, 157.0, 156.0, 155.0, 154.0, 153.0, 152.0, 151.0, 150.0, 149.0, 148.0, 147.0, 146.0, 145.0, 144.0, 143.0, 142.0, 141.0, 140.0]"
val,33,118,"[127, 153, 104, 68, 100, 13, 66, 150, 106, 142, 47, 126, 11, 40, 88, 129, 7, 65, 152, 59]","[159.0, 158.0, 157.0, 156.0, 155.0, 154.0, 153.0, 152.0, 151.0, 150.0, 149.0, 148.0, 147.0, 146.0, 145.0, 144.0, 143.0, 142.0, 141.0, 140.0]"
val,34,86,"[27, 137, 6, 11, 89, 133, 95, 86, 43, 153, 49, 44, 59, 68, 76, 47, 70, 150, 21, 94]","[159.0, 158.0, 157.0, 156.0, 155.0, 154.0, 153.0, 152.0, 151.0, 150.0, 149.0, 148.0, 147.0, 146.0, 145.0, 144.0, 143.0, 142.0, 141.0, 140.0]"
val,35,136,"[89, 6, 76, 43, 104, 129, 44, 59, 49, 70, 106, 153, 85, 94, 95, 12, 40, 136, 27, 100]","[159.0, 158.0, 157.0, 156.0, 155.0, 154.0, 153.0, 152.0, 151.0, 150.0, 149.0, 148.0, 147.0, 146.0, 145.0, 144.0, 143.0, 142.0, 141.0, 140.0]"
val,36,84,"[65, 84, 97, 153, 89, 96, 13, 60, 21, 112, 68, 118, 4, 127, 142, 44, 150, 120, 76, 95]","[159.0, 158.0, 157.0, 156.0, 155.0, 154.0, 153.0, 152.0, 151.0, 150.0, 149.0, 148.0, 147.0, 146.0, 145.0, 144.0, 143.0, 142.0, 141.0, 140.0]"
val,37,133,"[29, 133, 150, 11, 27, 21, 18, 68, 65, 128, 66, 70, 79, 89, 102, 35, 93, 47, 59, 45]","[159.0, 158.0, 157.0, 156.0, 155.0, 154.0, 153.0, 152.0, 151.0, 150.0, 149.0, 148.0, 147.0, 146.0, 145.0, 144.0, 143.0, 142.0, 141.0, 140.0]"
val,38,142,"[112, 13, 18, 150, 107, 126, 37, 142, 80, 102, 157, 56, 31, 79, 52, 71, 9, 121, 139, 25]","[159.0, 158.0, 157.0, 156.0, 155.0, 154.0, 153.0, 152.0, 151.0, 150.0, 149.0, 148.0, 147.0, 146.0, 145.0, 144.0, 143.0, 142.0, 141.0, 140.0]"
val,39,142,"[96, 60, 127, 21, 13, 142, 112, 68, 100, 126, 106, 81, 118, 151, 59, 104, 150, 76, 129, 132]","[159.0, 158.0, 157.0, 156.0, 155.0, 154.0, 153.0, 152.0, 151.0, 150.0, 149.0, 148.0, 147.0, 146.0, 145.0, 144.0, 143.0, 142.0, 141.0, 140.0]"
val,40,118,"[66, 96, 65, 127, 142, 112, 68, 100, 137, 126, 118, 151, 104, 150, 132, 40, 88, 156, 133, 47]","[159.0, 158.0, 157.0, 156.0, 155.0, 154.0, 153.0, 152.0, 151.0, 150.0, 149.0, 148.0, 147.0, 146.0, 145.0, 144.0, 143.0, 142.0, 141.0, 140.0]"
val,41,34,"[58, 2, 117, 7, 145, 34, 109, 108, 10, 93, 125, 53, 28, 153, 104, 138, 39, 129, 29, 32]","[159.0, 158.0, 157.0, 156.0, 155.0, 154.0, 153.0, 152.0, 151.0, 150.0, 149.0, 148.0, 147.0, 146.0, 145.0, 144.0, 143.0, 142.0, 141.0, 140.0]"
val,42,97,"[97, 66, 60, 13, 65, 21, 96, 127, 112, 118, 142, 68, 59, 40, 126, 150, 143, 114, 129, 106]","[159.0, 158.0, 157.0, 156.0, 155.0, 154.0, 153.0, 152.0, 151.0, 150.0, 149.0, 148.0, 147.0, 146.0, 145.0, 144.0, 143.0, 142.0, 141.0, 140.0]"
val,43,60,"[137, 65, 86, 29, 142, 112, 133, 7, 60, 93, 18, 153, 127, 95, 27, 11, 21, 13, 73, 102]","[159.0, 158.0, 157.0, 156.0, 155.0, 154.0, 153.0, 152.0, 151.0, 150.0, 149.0, 148.0, 147.0, 146.0, 145.0, 144.0, 143.0, 142.0, 141.0, 140.0]"
val,44,94,"[117, 62, 7, 58, 51, 145, 10, 34, 108, 53, 93, 28, 125, 109, 32, 23, 39, 104, 24, 153]","[159.0, 158.0, 157.0, 156.0, 155.0, 154.0, 153.0, 152.0, 151.0, 150.0, 149.0, 148.0, 147.0, 146.0, 145.0, 144.0, 143.0, 142.0, 141.0, 140.0]"
val,45,65,"[104, 106, 153, 100, 68, 95, 47, 6, 43, 44, 12, 40, 85, 107, 13, 28, 29, 21, 53, 120]","[159.0, 158.0, 157.0, 156.0, 155.0, 154.0, 153.0, 152.0, 151.0, 150.0, 149.0, 148.0, 147.0, 146.0, 145.0, 144.0, 143.0, 142.0, 141.0, 140.0]"
val,46,142,"[118, 112, 84, 21, 97, 13, 65, 96, 66, 18, 150, 4, 87, 126, 67, 26, 142, 133, 107, 88]","[159.0, 158.0, 157.0, 156.0, 155.0, 154.0, 153.0, 152.0, 151.0, 150.0, 149.0, 148.0, 147.0, 146.0, 145.0, 144.0, 143.0, 142.0, 141.0, 140.0]"
val,47,91,"[61, 75, 116, 50, 99, 8, 123, 114, 159, 146, 155, 144, 16, 69, 141, 17, 122, 53, 22, 143]","[159.0, 158.0, 157.0, 156.0, 155.0, 154.0, 153.0, 152.0, 151.0, 150.0, 149.0, 148.0, 147.0, 146.0, 145.0, 144.0, 143.0, 142.0, 141.0, 140.0]"
val,48,107,"[6, 153, 76, 43, 129, 106, 95, 59, 104, 136, 44, 94, 47, 49, 40, 85, 12, 100, 68, 11]","[159.0, 158.0, 157.0, 156.0, 155.0, 154.0, 153.0, 152.0, 151.0, 150.0, 149.0, 148.0, 147.0, 146.0, 145.0, 144.0, 143.0, 142.0, 141.0, 140.0]"
val,49,93,"[93, 28, 145, 24, 125, 32, 10, 73, 135, 138, 53, 159, 144, 137, 92, 108, 77, 133, 109, 11]","[159.0, 158.0, 157.0, 156.0, 155.0, 154.0, 153.0, 152.0, 151.0, 150.0, 149.0, 148.0, 147.0, 146.0, 145.0, 144.0, 143.0, 142.0, 141.0, 140.0]"
val,50,150,"[84, 66, 96, 65, 60, 21, 127, 142, 13, 112, 68, 100, 59, 150, 106, 104, 118, 126, 76, 40]","[159.0, 158.0, 157.0, 156.0, 155.0, 154.0, 153.0, 152.0, 151.0, 150.0, 149.0, 148.0, 147.0, 146.0, 145.0, 144.0, 143.0, 142.0, 141.0, 140.0]"
val,51,99,"[115, 122, 19, 48, 87, 61, 113, 33, 120, 131, 16, 63, 52, 80, 9, 116, 139, 110, 41, 121]","[159.0, 158.0, 157.0, 156.0, 155.0, 154.0, 153.0, 152.0, 151.0, 150.0, 149.0, 148.0, 147.0, 146.0, 145.0, 144.0, 143.0, 142.0, 141.0, 140.0]"
val,52,84,"[60, 118, 84, 97, 21, 13, 65, 66, 18, 150, 68, 4, 94, 26, 133, 67, 126, 44, 104, 107]","[159.0, 158.0, 157.0, 156.0, 155.0, 154.0, 153.0, 152.0, 151.0, 150.0, 149.0, 148.0, 147.0, 146.0, 145.0, 144.0, 143.0, 142.0, 141.0, 140.0]"
val,53,157,"[53, 28, 77, 93, 135, 23, 62, 32, 7, 2, 51, 34, 98, 58, 39, 145, 117, 138, 147, 109]","[159.0, 158.0, 157.0, 156.0, 155.0, 154.0, 153.0, 152.0, 151.0, 150.0, 149.0, 148.0, 147.0, 146.0, 145.0, 144.0, 143.0, 142.0, 141.0, 140.0]"
val,54,2,"[2, 117, 62, 7, 51, 145, 34, 10, 108, 93, 53, 109, 39, 104, 159, 29, 153, 57, 147, 154]","[159.0, 158.0, 157.0, 156.0, 155.0, 154.0, 153.0, 152.0, 151.0, 150.0, 149.0, 148.0, 147.0, 146.0, 145.0, 144.0, 143.0, 142.0, 141.0, 140.0]"
val,55,133,"[2, 117, 62, 7, 58, 51, 145, 10, 108, 34, 53, 93, 28, 109, 125, 32, 135, 23, 104, 39]","[159.0, 158.0, 157.0, 156.0, 155.0, 154.0, 153.0, 152.0, 151.0, 150.0, 149.0, 148.0, 147.0, 146.0, 145.0, 144.0, 143.0, 142.0, 141.0, 140.0]"
val,56,65,"[13, 65, 21, 84, 127, 112, 66, 68, 104, 150, 94, 40, 29, 153, 43, 93, 76, 11, 47, 44]","[159.0, 158.0, 157.0, 156.0, 155.0, 154.0, 153.0, 152.0, 151.0, 150.0, 149.0, 148.0, 147.0, 146.0, 145.0, 144.0, 143.0, 142.0, 141.0, 140.0]"
val,57,39,"[39, 93, 145, 77, 117, 58, 125, 62, 109, 51, 10, 2, 92, 135, 108, 73, 24, 138, 11, 147]","[159.0, 158.0, 157.0, 156.0, 155.0, 154.0, 153.0, 152.0, 151.0, 150.0, 149.0, 148.0, 147.0, 146.0, 145.0, 144.0, 143.0, 142.0, 141.0, 140.0]"
val,58,76,"[89, 76, 43, 49, 153, 59, 44, 29, 70, 129, 27, 85, 107, 106, 11, 104, 12, 95, 100, 68]","[159.0, 158.0, 157.0, 156.0, 155.0, 154.0, 153.0, 152.0, 151.0, 150.0, 149.0, 148.0, 147.0, 146.0, 145.0, 144.0, 143.0, 142.0, 141.0, 140.0]"
val,59,21,"[29, 150, 27, 18, 21, 65, 128, 66, 79, 102, 70, 93, 89, 35, 84, 73, 45, 59, 60, 76]","[159.0, 158.0, 157.0, 156.0, 155.0, 154.0, 153.0, 152.0, 151.0, 150.0, 149.0, 148.0, 147.0, 146.0, 145.0, 144.0, 143.0, 142.0, 141.0, 140.0]"
val,60,49,"[43, 40, 89, 104, 76, 106, 129, 100, 59, 12, 68, 153, 6, 49, 136, 107, 47, 21, 85, 118]","[159.0, 158.0, 157.0, 156.0, 155.0, 154.0, 153.0, 152.0, 151.0, 150.0, 149.0, 148.0, 147.0, 146.0, 145.0, 144.0, 143.0, 142.0, 141.0, 140.0]"
val,61,104,"[104, 106, 129, 68, 89, 153, 47, 43, 12, 6, 59, 40, 85, 136, 95, 112, 49, 107, 21, 7]","[159.0, 158.0, 157.0, 156.0, 155.0, 154.0, 153.0, 152.0, 151.0, 150.0, 149.0, 148.0, 147.0, 146.0, 145.0, 144.0, 143.0, 142.0, 141.0, 140.0]"
val,62,133,"[21, 60, 84, 106, 112, 66, 89, 127, 153, 104, 65, 59, 97, 68, 96, 47, 40, 94, 95, 29]","[159.0, 158.0, 157.0, 156.0, 155.0, 154.0, 153.0, 152.0, 151.0, 150.0, 149.0, 148.0, 147.0, 146.0, 145.0, 144.0, 143.0, 142.0, 141.0, 140.0]"
val,63,40,"[89, 6, 104, 43, 49, 70, 153, 94, 40, 12, 136, 95, 100, 96, 27, 47, 68, 41, 120, 87]","[159.0, 158.0, 157.0, 156.0, 155.0, 154.0, 153.0, 152.0, 151.0, 150.0, 149.0, 148.0, 147.0, 146.0, 145.0, 144.0, 143.0, 142.0, 141.0, 140.0]"
val,64,98,"[61, 75, 50, 116, 114, 159, 155, 154, 146, 16, 69, 122, 78, 17, 143, 53, 22, 72, 148, 2]","[159.0, 158.0, 157.0, 156.0, 155.0, 154.0, 153.0, 152.0, 151.0, 150.0, 149.0, 148.0, 147.0, 146.0, 145.0, 144.0, 143.0, 142.0, 141.0, 140.0]"
val,65,123,"[61, 116, 144, 123, 50, 81, 99, 159, 78, 22, 114, 8, 155, 54, 53, 122, 143, 69, 55, 141]","[159.0, 158.0, 157.0, 156.0, 155.0, 154.0, 153.0, 152.0, 151.0, 150.0, 149.0, 148.0, 147.0, 146.0, 145.0, 144.0, 143.0, 142.0, 141.0, 140.0]"
val,66,96,"[118, 112, 84, 97, 13, 65, 96, 66, 18, 87, 150, 4, 67, 126, 26, 142, 88, 47, 11, 102]","[159.0, 158.0, 157.0, 156.0, 155.0, 154.0, 153.0, 152.0, 151.0, 150.0, 149.0, 148.0, 147.0, 146.0, 145.0, 144.0, 143.0, 142.0, 141.0, 140.0]"
val,67,84,"[84, 112, 127, 66, 65, 96, 89, 104, 142, 40, 47, 100, 11, 76, 14, 150, 156, 126, 6, 136]","[159.0, 158.0, 157.0, 156.0, 155.0, 154.0, 153.0, 152.0, 151.0, 150.0, 149.0, 148.0, 147.0, 146.0, 145.0, 144.0, 143.0, 142.0, 141.0, 140.0]"
val,68,65,"[89, 76, 43, 49, 59, 44, 129, 107, 70, 85, 27, 29, 106, 104, 11, 12, 100, 95, 136, 47]","[159.0, 158.0, 157.0, 156.0, 155.0, 154.0, 153.0, 152.0, 151.0, 150.0, 149.0, 148.0, 147.0, 146.0, 145.0, 144.0, 143.0, 142.0, 141.0, 140.0]"
val,69,104,"[104, 129, 76, 153, 94, 12, 6, 85, 95, 112, 49, 107, 21, 7, 29, 11, 97, 77, 2, 13]","[159.0, 158.0, 157.0, 156.0, 155.0, 154.0, 153.0, 152.0, 151.0, 150.0, 149.0, 148.0, 147.0, 146.0, 145.0, 144.0, 143.0, 142.0, 141.0, 140.0]"
val,70,118,"[60, 118, 84, 112, 21, 13, 65, 66, 18, 87, 150, 68, 4, 94, 126, 26, 107, 133, 142, 44]","[159.0, 158.0, 157.0, 156.0, 155.0, 154.0, 153.0, 152.0, 151.0, 150.0, 149.0, 148.0, 147.0, 146.0, 145.0, 144.0, 143.0, 142.0, 141.0, 140.0]"
val,71,117,"[117, 7, 145, 10, 34, 108, 93, 53, 28, 125, 32, 39, 23, 104, 24, 153, 29, 146, 57, 147]","[159.0, 158.0, 157.0, 156.0, 155.0, 154.0, 153.0, 152.0, 151.0, 150.0, 149.0, 148.0, 147.0, 146.0, 145.0, 144.0, 143.0, 142.0, 141.0, 140.0]"
val,72,77,"[135, 57, 147, 77, 93, 2, 10, 7, 155, 24, 117, 145, 51, 34, 81, 50, 62, 157, 58, 92]","[159.0, 158.0, 157.0, 156.0, 155.0, 154.0, 153.0, 152.0, 151.0, 150.0, 149.0, 148.0, 147.0, 146.0, 145.0, 144.0, 143.0, 142.0, 141.0, 140.0]"
val,73,118,"[13, 21, 65, 84, 127, 97, 112, 66, 142, 68, 106, 104, 118, 59, 129, 96, 94, 150, 40, 137]","[159.0, 158.0, 157.0, 156.0, 155.0, 154.0, 153.0, 152.0, 151.0, 150.0, 149.0, 148.0, 147.0, 146.0, 145.0, 144.0, 143.0, 142.0, 141.0, 140.0]"
val,74,40,"[40, 89, 76, 94, 59, 44, 85, 106, 12, 6, 11, 153, 70, 95, 104, 136, 129, 49, 68, 107]","[159.0, 158.0, 157.0, 156.0, 155.0, 154.0, 153.0, 152.0, 151.0, 150.0, 149.0, 148.0, 147.0, 146.0, 145.0, 144.0, 143.0, 142.0, 141.0, 140.0]"
val,75,29,"[89, 104, 153, 106, 76, 100, 68, 47, 136, 43, 6, 59, 44, 12, 40, 70, 85, 49, 107, 13]","[159.0, 158.0, 157.0, 156.0, 155.0, 154.0, 153.0, 152.0, 151.0, 150.0, 149.0, 148.0, 147.0, 146.0, 145.0, 144.0, 143.0, 142.0, 141.0, 140.0]"
val,76,129,"[43, 76, 153, 129, 95, 104, 44, 94, 40, 47, 49, 85, 12, 100, 68, 11, 107, 66, 21, 27]","[159.0, 158.0, 157.0, 156.0, 155.0, 154.0, 153.0, 152.0, 151.0, 150.0, 149.0, 148.0, 147.0, 146.0, 145.0, 144.0, 143.0, 142.0, 141.0, 140.0]"
val,77,60,"[13, 60, 59, 84, 127, 94, 97, 66, 96, 133, 65, 153, 40, 112, 137, 104, 43, 12, 86, 6]","[159.0, 158.0, 157.0, 156.0, 155.0, 154.0, 153.0, 152.0, 151.0, 150.0, 149.0, 148.0, 147.0, 146.0, 145.0, 144.0, 143.0, 142.0, 141.0, 140.0]"
val,78,104,"[89, 153, 44, 104, 6, 59, 76, 106, 40, 129, 136, 49, 100, 47, 95, 11, 107, 27, 29, 137]","[159.0, 158.0, 157.0, 156.0, 155.0, 154.0, 153.0, 152.0, 151.0, 150.0, 149.0, 148.0, 147.0, 146.0, 145.0, 144.0, 143.0, 142.0, 141.0, 140.0]"
val,79,89,"[117, 62, 7, 58, 51, 145, 10, 34, 108, 53, 93, 28, 125, 32, 23, 39, 104, 24, 159, 153]","[159.0, 158.0, 157.0, 156.0, 155.0, 154.0, 153.0, 152.0, 151.0, 150.0, 149.0, 148.0, 147.0, 146.0, 145.0, 144.0, 143.0, 142.0, 141.0, 140.0]"
val,80,133,"[135, 138, 109, 148, 53, 57, 77, 7, 51, 92, 147, 58, 10, 24, 62, 2, 93, 32, 125, 3]","[159.0, 158.0, 157.0, 156.0, 155.0, 154.0, 153.0, 152.0, 151.0, 150.0, 149.0, 148.0, 147.0, 146.0, 145.0, 144.0, 143.0, 142.0, 141.0, 140.0]"
val,81,118,"[13, 65, 21, 84, 127, 97, 112, 66, 142, 68, 118, 150, 104, 96, 137, 40, 133, 95, 86, 11]","[159.0, 158.0, 157.0, 156.0, 155.0, 154.0, 153.0, 152.0, 151.0, 150.0, 149.0, 148.0, 147.0, 146.0, 145.0, 144.0, 143.0, 142.0, 141.0, 140.0]"
val,82,76,"[89, 43, 70, 59, 49, 85, 6, 76, 104, 153, 40, 129, 106, 12, 107, 94, 11, 68, 27, 100]","[159.0, 158.0, 157.0, 156.0, 155.0, 154.0, 153.0, 152.0, 151.0, 150.0, 149.0, 148.0, 147.0, 146.0, 145.0, 144.0, 143.0, 142.0, 141.0, 140.0]"
val,83,104,"[104, 106, 89, 94, 6, 47, 85, 44, 136, 95, 70, 49, 112, 21, 29, 7, 97, 13, 27, 23]","[159.0, 158.0, 157.0, 156.0, 155.0, 154.0, 153.0, 152.0, 151.0, 150.0, 149.0, 148.0, 147.0, 146.0, 145.0, 144.0, 143.0, 142.0, 141.0, 140.0]"
val,84,96,"[97, 66, 13, 65, 21, 96, 127, 112, 118, 142, 126, 143, 150, 122, 116, 94, 137, 69, 86, 14]","[159.0, 158.0, 157.0, 156.0, 155.0, 154.0, 153.0, 152.0, 151.0, 150.0, 149.0, 148.0, 147.0, 146.0, 145.0, 144.0, 143.0, 142.0, 141.0, 140.0]"
val,85,21,"[10, 77, 2, 7, 62, 11, 145, 153, 117, 104, 93, 32, 70, 58, 51, 28, 34, 47, 106, 12]","[159.0, 158.0, 157.0, 156.0, 155.0, 154.0, 153.0, 152.0, 151.0, 150.0, 149.0, 148.0, 147.0, 146.0, 145.0, 144.0, 143.0, 142.0, 141.0, 140.0]"
val,86,112,"[21, 13, 142, 112, 126, 151, 150, 132, 88, 156, 47, 9, 107, 22, 157, 143, 122, 124, 43, 50]","[159.0, 158.0, 157.0, 156.0, 155.0, 154.0, 153.0, 152.0, 151.0, 150.0, 149.0, 148.0, 147.0, 146.0, 145.0, 144.0, 143.0, 142.0, 141.0, 140.0]"
val,87,150,"[97, 96, 18, 87, 4, 150, 26, 67, 126, 88, 37, 80, 102, 47, 56, 11, 158, 52, 42, 71]","[159.0, 158.0, 157.0, 156.0, 155.0, 154.0, 153.0, 152.0, 151.0, 150.0, 149.0, 148.0, 147.0, 146.0, 145.0, 144.0, 143.0, 142.0, 141.0, 140.0]"
val,88,118,"[66, 13, 65, 21, 96, 127, 118, 81, 142, 143, 68, 156, 126, 114, 124, 59, 87, 40, 129, 106]","[159.0, 158.0, 157.0, 156.0, 155.0, 154.0, 153.0, 152.0, 151.0, 150.0, 149.0, 148.0, 147.0, 146.0, 145.0, 144.0, 143.0, 142.0, 141.0, 140.0]"
val,89,153,"[153, 89, 76, 6, 95, 49, 112, 2, 77, 108, 7, 29, 28, 145, 13, 21, 60, 146, 62, 23]","[159.0, 158.0, 157.0, 156.0, 155.0, 154.0, 153.0, 152.0, 151.0, 150.0, 149.0, 148.0, 147.0, 146.0, 145.0, 144.0, 143.0, 142.0, 141.0, 140.0]"
val,90,135,"[53, 24, 23, 32, 125, 77, 135, 39, 138, 93, 159, 2, 98, 145, 62, 148, 144, 129, 117, 22]","[159.0, 158.0, 157.0, 156.0, 155.0, 154.0, 153.0, 152.0, 151.0, 150.0, 149.0, 148.0, 147.0, 146.0, 145.0, 144.0, 143.0, 142.0, 141.0, 140.0]"
val,91,2,"[57, 135, 148, 77, 2, 53, 108, 10, 62, 58, 109, 7, 51, 117, 93, 98, 145, 116, 155, 138]","[159.0, 158.0, 157.0, 156.0, 155.0, 154.0, 153.0, 152.0, 151.0, 150.0, 149.0, 148.0, 147.0, 146.0, 145.0, 144.0, 143.0, 142.0, 141.0, 140.0]"
val,92,135,"[63, 139, 50, 75, 121, 114, 1, 41, 9, 78, 3, 113, 71, 56, 61, 8, 116, 81, 42, 37]","[159.0, 158.0, 157.0, 156.0, 155.0, 154.0, 153.0, 152.0, 151.0, 150.0, 149.0, 148.0, 147.0, 146.0, 145.0, 144.0, 143.0, 142.0, 141.0, 140.0]"
val,93,135,"[135, 138, 109, 148, 7, 77, 51, 92, 57, 58, 147, 10, 62, 93, 32, 125, 108, 145, 117, 111]","[159.0, 158.0, 157.0, 156.0, 155.0, 154.0, 153.0, 152.0, 151.0, 150.0, 149.0, 148.0, 147.0, 146.0, 145.0, 144.0, 143.0, 142.0, 141.0, 140.0]"
val,94,66,"[127, 66, 84, 120, 60, 9, 89, 4, 97, 71, 129, 44, 107, 152, 3, 87, 59, 49, 101, 52]","[159.0, 158.0, 157.0, 156.0, 155.0, 154.0, 153.0, 152.0, 151.0, 150.0, 149.0, 148.0, 147.0, 146.0, 145.0, 144.0, 143.0, 142.0, 141.0, 140.0]"
val,95,96,"[106, 129, 153, 89, 76, 43, 47, 44, 85, 136, 59, 6, 95, 107, 49, 112, 70, 108, 28, 7]","[159.0, 158.0, 157.0, 156.0, 155.0, 154.0, 153.0, 152.0, 151.0, 150.0, 149.0, 148.0, 147.0, 146.0, 145.0, 144.0, 143.0, 142.0, 141.0, 140.0]"
val,96,60,"[60, 118, 112, 84, 21, 97, 13, 65, 96, 66, 18, 150, 68, 4, 133, 107, 26, 87, 11, 47]","[159.0, 158.0, 157.0, 156.0, 155.0, 154.0, 153.0, 152.0, 151.0, 150.0, 149.0, 148.0, 147.0, 146.0, 145.0, 144.0, 143.0, 142.0, 141.0, 140.0]"
val,97,13,"[97, 84, 66, 59, 13, 21, 142, 76, 65, 104, 127, 129, 153, 60, 112, 49, 44, 6, 87, 63]","[159.0, 158.0, 157.0, 156.0, 155.0, 154.0, 153.0, 152.0, 151.0, 150.0, 149.0, 148.0, 147.0, 146.0, 145.0, 144.0, 143.0, 142.0, 141.0, 140.0]"
val,98,127,"[13, 65, 84, 127, 97, 112, 66, 142, 118, 96, 59, 150, 94, 137, 133, 126, 93, 86, 47, 49]","[159.0, 158.0, 157.0, 156.0, 155.0, 154.0, 153.0, 152.0, 151.0, 150.0, 149.0, 148.0, 147.0, 146.0, 145.0, 144.0, 143.0, 142.0, 141.0, 140.0]"
val,99,77,"[77, 62, 117, 7, 58, 51, 10, 53, 108, 145, 109, 104, 34, 93, 125, 28, 135, 153, 147, 129]","[159.0, 158.0, 157.0, 156.0, 155.0, 154.0, 153.0, 152.0, 151.0, 150.0, 149.0, 148.0, 147.0, 146.0, 145.0, 144.0, 143.0, 142.0, 141.0, 140.0]"
val,100,137,"[137, 27, 29, 86, 21, 6, 43, 68, 65, 49, 150, 44, 95, 93, 59, 97, 60, 40, 127, 145]","[159.0, 158.0, 157.0, 156.0, 155.0, 154.0, 153.0, 152.0, 151.0, 150.0, 149.0, 148.0, 147.0, 146.0, 145.0, 144.0, 143.0, 142.0, 141.0, 140.0]"
val,101,89,"[89, 43, 106, 40, 104, 44, 153, 129, 76, 6, 49, 85, 94, 68, 100, 95, 47, 107, 70, 21]","[159.0, 158.0, 157.0, 156.0, 155.0, 154.0, 153.0, 152.0, 151.0, 150.0, 149.0, 148.0, 147.0, 146.0, 145.0, 144.0, 143.0, 142.0, 141.0, 140.0]"
val,102,2,"[138, 98, 58, 7, 148, 51, 62, 77, 2, 57, 117, 53, 93, 92, 147, 10, 34, 145, 70, 108]","[159.0, 158.0, 157.0, 156.0, 155.0, 154.0, 153.0, 152.0, 151.0, 150.0, 149.0, 148.0, 147.0, 146.0, 145.0, 144.0, 143.0, 142.0, 141.0, 140.0]"
val,103,65,"[89, 43, 59, 70, 6, 85, 76, 104, 153, 40, 129, 136, 106, 95, 12, 107, 94, 11, 68, 27]","[159.0, 158.0, 157.0, 156.0, 155.0, 154.0, 153.0, 152.0, 151.0, 150.0, 149.0, 148.0, 147.0, 146.0, 145.0, 144.0, 143.0, 142.0, 141.0, 140.0]"
val,104,21,"[53, 28, 93, 77, 135, 62, 32, 7, 34, 2, 39, 51, 98, 58, 145, 117, 138, 11, 109, 10]","[159.0, 158.0, 157.0, 156.0, 155.0, 154.0, 153.0, 152.0, 151.0, 150.0, 149.0, 148.0, 147.0, 146.0, 145.0, 144.0, 143.0, 142.0, 141.0, 140.0]"
val,105,28,"[53, 28, 125, 32, 23, 135, 98, 148, 93, 77, 147, 138, 57, 155, 10, 2, 39, 145, 116, 157]","[159.0, 158.0, 157.0, 156.0, 155.0, 154.0, 153.0, 152.0, 151.0, 150.0, 149.0, 148.0, 147.0, 146.0, 145.0, 144.0, 143.0, 142.0, 141.0, 140.0]"
val,106,27,"[89, 76, 43, 49, 153, 59, 29, 44, 70, 27, 129, 85, 106, 107, 11, 104, 12, 95, 100, 68]","[159.0, 158.0, 157.0, 156.0, 155.0, 154.0, 153.0, 152.0, 151.0, 150.0, 149.0, 148.0, 147.0, 146.0, 145.0, 144.0, 143.0, 142.0, 141.0, 140.0]"
val,107,112,"[13, 65, 21, 127, 84, 97, 112, 66, 142, 150, 118, 96, 137, 133, 95, 86, 100, 6, 126, 107]","[159.0, 158.0, 157.0, 156.0, 155.0, 154.0, 153.0, 152.0, 151.0, 150.0, 149.0, 148.0, 147.0, 146.0, 145.0, 144.0, 143.0, 142.0, 141.0, 140.0]"
val,108,10,"[2, 117, 62, 7, 58, 51, 145, 10, 34, 108, 93, 28, 109, 125, 135, 32, 23, 24, 39, 104]","[159.0, 158.0, 157.0, 156.0, 155.0, 154.0, 153.0, 152.0, 151.0, 150.0, 149.0, 148.0, 147.0, 146.0, 145.0, 144.0, 143.0, 142.0, 141.0, 140.0]"
val,109,142,"[84, 112, 97, 21, 13, 96, 66, 87, 18, 4, 150, 67, 26, 107, 37, 88, 44, 80, 102, 133]","[159.0, 158.0, 157.0, 156.0, 155.0, 154.0, 153.0, 152.0, 151.0, 150.0, 149.0, 148.0, 147.0, 146.0, 145.0, 144.0, 143.0, 142.0, 141.0, 140.0]"
val,110,96,"[97, 66, 13, 60, 65, 21, 96, 112, 81, 142, 143, 156, 68, 126, 114, 124, 40, 150, 129, 122]","[159.0, 158.0, 157.0, 156.0, 155.0, 154.0, 153.0, 152.0, 151.0, 150.0, 149.0, 148.0, 147.0, 146.0, 145.0, 144.0, 143.0, 142.0, 141.0, 140.0]"
val,111,118,"[89, 6, 76, 43, 104, 129, 44, 59, 49, 106, 70, 153, 94, 85, 40, 12, 95, 100, 96, 27]","[159.0, 158.0, 157.0, 156.0, 155.0, 154.0, 153.0, 152.0, 151.0, 150.0, 149.0, 148.0, 147.0, 146.0, 145.0, 144.0, 143.0, 142.0, 141.0, 140.0]"
val,112,142,"[13, 65, 21, 127, 84, 97, 112, 66, 142, 68, 150, 104, 59, 118, 106, 96, 137, 94, 129, 40]","[159.0, 158.0, 157.0, 156.0, 155.0, 154.0, 153.0, 152.0, 151.0, 150.0, 149.0, 148.0, 147.0, 146.0, 145.0, 144.0, 143.0, 142.0, 141.0, 140.0]"
val,113,66,"[137, 6, 133, 49, 44, 76, 86, 21, 95, 150, 94, 12, 47, 46, 96, 136, 35, 90, 149, 38]","[159.0, 158.0, 157.0, 156.0, 155.0, 154.0, 153.0, 152.0, 151.0, 150.0, 149.0, 148.0, 147.0, 146.0, 145.0, 144.0, 143.0, 142.0, 141.0, 140.0]"
val,114,65,"[27, 150, 11, 89, 49, 21, 65, 44, 97, 43, 76, 70, 59, 85, 107, 60, 7, 12, 68, 40]","[159.0, 158.0, 157.0, 156.0, 155.0, 154.0, 153.0, 152.0, 151.0, 150.0, 149.0, 148.0, 147.0, 146.0, 145.0, 144.0, 143.0, 142.0, 141.0, 140.0]"
val,115,142,"[84, 97, 96, 13, 153, 89, 60, 21, 4, 118, 112, 127, 142, 68, 37, 87, 150, 126, 121, 88]","[159.0, 158.0, 157.0, 156.0, 155.0, 154.0, 153.0, 152.0, 151.0, 150.0, 149.0, 148.0, 147.0, 146.0, 145.0, 144.0, 143.0, 142.0, 141.0, 140.0]"
val,116,142,"[21, 13, 142, 112, 68, 100, 137, 126, 106, 59, 104, 151, 150, 76, 129, 40, 133, 89, 47, 107]","[159.0, 158.0, 157.0, 156.0, 155.0, 154.0, 153.0, 152.0, 151.0, 150.0, 149.0, 148.0, 147.0, 146.0, 145.0, 144.0, 143.0, 142.0, 141.0, 140.0]"
val,117,153,"[139, 110, 120, 48, 87, 37, 115, 38, 131, 63, 41, 19, 33, 124, 42, 101, 52, 71, 1, 121]","[159.0, 158.0, 157.0, 156.0, 155.0, 154.0, 153.0, 152.0, 151.0, 150.0, 149.0, 148.0, 147.0, 146.0, 145.0, 144.0, 143.0, 142.0, 141.0, 140.0]"
val,118,66,"[89, 43, 59, 49, 6, 85, 76, 129, 136, 95, 12, 107, 94, 11, 27, 47, 29, 137, 88, 133]","[159.0, 158.0, 157.0, 156.0, 155.0, 154.0, 153.0, 152.0, 151.0, 150.0, 149.0, 148.0, 147.0, 146.0, 145.0, 144.0, 143.0, 142.0, 141.0, 140.0]"
val,119,96,"[27, 6, 137, 11, 133, 86, 49, 44, 68, 76, 70, 150, 21, 129, 85, 100, 13, 66, 60, 35]","[159.0, 158.0, 157.0, 156.0, 155.0, 154.0, 153.0, 152.0, 151.0, 150.0, 149.0, 148.0, 147.0, 146.0, 145.0, 144.0, 143.0, 142.0, 141.0, 140.0]"
val,120,39,"[39, 93, 145, 77, 117, 125, 62, 10, 108, 2, 109, 92, 73, 24, 11, 83, 28, 135, 7, 147]","[159.0, 158.0, 157.0, 156.0, 155.0, 154.0, 153.0, 152.0, 151.0, 150.0, 149.0, 148.0, 147.0, 146.0, 145.0, 144.0, 143.0, 142.0, 141.0, 140.0]"
val,121,84,"[137, 86, 29, 112, 133, 7, 66, 93, 84, 18, 6, 60, 153, 95, 27, 11, 13, 21, 88, 73]","[159.0, 158.0, 157.0, 156.0, 155.0, 154.0, 153.0, 152.0, 151.0, 150.0, 149.0, 148.0, 147.0, 146.0, 145.0, 144.0, 143.0, 142.0, 141.0, 140.0]"
val,122,127,"[127, 66, 94, 84, 120, 60, 9, 4, 97, 129, 71, 12, 101, 52, 37, 95, 119, 139, 13, 146]","[159.0, 158.0, 157.0, 156.0, 155.0, 154.0, 153.0, 152.0, 151.0, 150.0, 149.0, 148.0, 147.0, 146.0, 145.0, 144.0, 143.0, 142.0, 141.0, 140.0]"
val,123,115,"[87, 48, 63, 121, 46, 42, 33, 139, 115, 41, 19, 38, 1, 119, 131, 50, 78, 64, 152, 54]","[159.0, 158.0, 157.0, 156.0, 155.0, 154.0, 153.0, 152.0, 151.0, 150.0, 149.0, 148.0, 147.0, 146.0, 145.0, 144.0, 143.0, 142.0, 141.0, 140.0]"
val,124,100,"[100, 129, 104, 153, 76, 47, 6, 59, 43, 94, 136, 85, 95, 44, 70, 40, 12, 112, 29, 21]","[159.0, 158.0, 157.0, 156.0, 155.0, 154.0, 153.0, 152.0, 151.0, 150.0, 149.0, 148.0, 147.0, 146.0, 145.0, 144.0, 143.0, 142.0, 141.0, 140.0]"
val,125,127,"[66, 60, 84, 97, 13, 150, 142, 137, 21, 96, 127, 133, 6, 68, 107, 112, 86, 95, 89, 7]","[159.0, 158.0, 157.0, 156.0, 155.0, 154.0, 153.0, 152.0, 151.0, 150.0, 149.0, 148.0, 147.0, 146.0, 145.0, 144.0, 143.0, 142.0, 141.0, 140.0]"
val,126,135,"[116, 99, 144, 61, 123, 155, 114, 72, 53, 122, 24, 23, 57, 54, 78, 146, 28, 147, 140, 69]","[159.0, 158.0, 157.0, 156.0, 155.0, 154.0, 153.0, 152.0, 151.0, 150.0, 149.0, 148.0, 147.0, 146.0, 145.0, 144.0, 143.0, 142.0, 141.0, 140.0]"
val,127,66,"[137, 29, 86, 65, 142, 133, 112, 6, 66, 97, 95, 7, 11, 84, 60, 27, 93, 18, 127, 76]","[159.0, 158.0, 157.0, 156.0, 155.0, 154.0, 153.0, 152.0, 151.0, 150.0, 149.0, 148.0, 147.0, 146.0, 145.0, 144.0, 143.0, 142.0, 141.0, 140.0]"
val,128,58,"[50, 8, 69, 122, 16, 141, 143, 154, 53, 54, 140, 72, 151, 17, 55, 126, 67, 131, 77, 24]","[159.0, 158.0, 157.0, 156.0, 155.0, 154.0, 153.0, 152.0, 151.0, 150.0, 149.0, 148.0, 147.0, 146.0, 145.0, 144.0, 143.0, 142.0, 141.0, 140.0]"
val,129,104,"[89, 43, 104, 44, 49, 70, 94, 85, 12, 95, 96, 41, 27, 120, 47, 87, 3, 146, 139, 133]","[159.0, 158.0, 157.0, 156.0, 155.0, 154.0, 153.0, 152.0, 151.0, 150.0, 149.0, 148.0, 147.0, 146.0, 145.0, 144.0, 143.0, 142.0, 141.0, 140.0]"
val,130,98,"[87, 113, 42, 38, 9, 119, 156, 71, 37, 80, 132, 56, 122, 78, 15, 50, 143, 114, 61, 72]","[159.0, 158.0, 157.0, 156.0, 155.0, 154.0, 153.0, 152.0, 151.0, 150.0, 149.0, 148.0, 147.0, 146.0, 145.0, 144.0, 143.0, 142.0, 141.0, 140.0]"
val,131,112,"[43, 106, 6, 129, 153, 104, 44, 40, 59, 68, 12, 100, 136, 85, 47, 49, 107, 70, 27, 21]","[159.0, 158.0, 157.0, 156.0, 155.0, 154.0, 153.0, 152.0, 151.0, 150.0, 149.0, 148.0, 147.0, 146.0, 145.0, 144.0, 143.0, 142.0, 141.0, 140.0]"
val,132,118,"[6, 137, 133, 43, 44, 59, 89, 11, 70, 107, 86, 68, 21, 94, 12, 153, 40, 100, 47, 150]","[159.0, 158.0, 157.0, 156.0, 155.0, 154.0, 153.0, 152.0, 151.0, 150.0, 149.0, 148.0, 147.0, 146.0, 145.0, 144.0, 143.0, 142.0, 141.0, 140.0]"
val,133,147,"[148, 53, 147, 77, 58, 51, 7, 2, 92, 62, 93, 117, 24, 10, 54, 34, 28, 23, 125, 145]","[159.0, 158.0, 157.0, 156.0, 155.0, 154.0, 153.0, 152.0, 151.0, 150.0, 149.0, 148.0, 147.0, 146.0, 145.0, 144.0, 143.0, 142.0, 141.0, 140.0]"
val,134,94,"[89, 43, 106, 40, 153, 104, 44, 76, 6, 129, 49, 85, 94, 68, 95, 100, 47, 107, 70, 21]","[159.0, 158.0, 157.0, 156.0, 155.0, 154.0, 153.0, 152.0, 151.0, 150.0, 149.0, 148.0, 147.0, 146.0, 145.0, 144.0, 143.0, 142.0, 141.0, 140.0]"
val,135,96,"[66, 84, 97, 13, 142, 150, 21, 96, 127, 137, 133, 112, 126, 118, 86, 6, 95, 7, 59, 10]","[159.0, 158.0, 157.0, 156.0, 155.0, 154.0, 153.0, 152.0, 151.0, 150.0, 149.0, 148.0, 147.0, 146.0, 145.0, 144.0, 143.0, 142.0, 141.0, 140.0]"
val,136,133,"[57, 135, 148, 77, 2, 53, 108, 10, 62, 109, 58, 24, 7, 93, 51, 117, 98, 145, 138, 116]","[159.0, 158.0, 157.0, 156.0, 155.0, 154.0, 153.0, 152.0, 151.0, 150.0, 149.0, 148.0, 147.0, 146.0, 145.0, 144.0, 143.0, 142.0, 141.0, 140.0]"
val,137,138,"[135, 28, 148, 23, 77, 98, 2, 109, 138, 32, 125, 7, 62, 117, 51, 147, 58, 57, 157, 10]","[159.0, 158.0, 157.0, 156.0, 155.0, 154.0, 153.0, 152.0, 151.0, 150.0, 149.0, 148.0, 147.0, 146.0, 145.0, 144.0, 143.0, 142.0, 141.0, 140.0]"
val,138,21,"[127, 94, 66, 84, 60, 120, 4, 44, 9, 97, 107, 49, 71, 152, 3, 87, 101, 106, 52, 13]","[159.0, 158.0, 157.0, 156.0, 155.0, 154.0, 153.0, 152.0, 151.0, 150.0, 149.0, 148.0, 147.0, 146.0, 145.0, 144.0, 143.0, 142.0, 141.0, 140.0]"
val,139,100,"[100, 129, 104, 106, 89, 153, 76, 47, 6, 59, 43, 94, 70, 136, 85, 95, 12, 44, 40, 112]","[159.0, 158.0, 157.0, 156.0, 155.0, 154.0, 153.0, 152.0, 151.0, 150.0, 149.0, 148.0, 147.0, 146.0, 145.0, 144.0, 143.0, 142.0, 141.0, 140.0]"
val,140,84,"[60, 84, 59, 127, 129, 94, 97, 66, 96, 153, 112, 65, 133, 126, 76, 29, 137, 12, 44, 7]","[159.0, 158.0, 157.0, 156.0, 155.0, 154.0, 153.0, 152.0, 151.0, 150.0, 149.0, 148.0, 147.0, 146.0, 145.0, 144.0, 143.0, 142.0, 141.0, 140.0]"
val,141,68,"[43, 12, 89, 40, 6, 47, 136, 76, 29, 44, 153, 85, 49, 68, 59, 106, 104, 137, 94, 27]","[159.0, 158.0, 157.0, 156.0, 155.0, 154.0, 153.0, 152.0, 151.0, 150.0, 149.0, 148.0, 147.0, 146.0, 145.0, 144.0, 143.0, 142.0, 141.0, 140.0]"
val,142,6,"[145, 109, 10, 138, 24, 148, 7, 28, 53, 137, 125, 6, 108, 147, 32, 57, 2, 133, 150, 86]","[159.0, 158.0, 157.0, 156.0, 155.0, 154.0, 153.0, 152.0, 151.0, 150.0, 149.0, 148.0, 147.0, 146.0, 145.0, 144.0, 143.0, 142.0, 141.0, 140.0]"
val,143,65,"[117, 2, 62, 7, 145, 34, 10, 108, 93, 125, 109, 32, 39, 104, 146, 29, 153, 57, 147, 154]","[159.0, 158.0, 157.0, 156.0, 155.0, 154.0, 153.0, 152.0, 151.0, 150.0, 149.0, 148.0, 147.0, 146.0, 145.0, 144.0, 143.0, 142.0, 141.0, 140.0]"
val,144,118,"[13, 65, 21, 84, 127, 97, 112, 66, 142, 118, 96, 150, 137, 95, 29, 133, 44, 86, 6, 12]","[159.0, 158.0, 157.0, 156.0, 155.0, 154.0, 153.0, 152.0, 151.0, 150.0, 149.0, 148.0, 147.0, 146.0, 145.0, 144.0, 143.0, 142.0, 141.0, 140.0]"
val,145,133,"[89, 59, 43, 44, 70, 76, 85, 129, 40, 12, 27, 95, 106, 104, 107, 153, 94, 11, 47, 68]","[159.0, 158.0, 157.0, 156.0, 155.0, 154.0, 153.0, 152.0, 151.0, 150.0, 149.0, 148.0, 147.0, 146.0, 145.0, 144.0, 143.0, 142.0, 141.0, 140.0]"
val,146,84,"[60, 118, 112, 21, 84, 13, 97, 65, 96, 18, 150, 66, 68, 133, 94, 7, 137, 44, 104, 11]","[159.0, 158.0, 157.0, 156.0, 155.0, 154.0, 153.0, 152.0, 151.0, 150.0, 149.0, 148.0, 147.0, 146.0, 145.0, 144.0, 143.0, 142.0, 141.0, 140.0]"
val,147,118,"[118, 112, 21, 13, 65, 96, 66, 18, 87, 150, 68, 4, 94, 126, 133, 107, 26, 44, 142, 104]","[159.0, 158.0, 157.0, 156.0, 155.0, 154.0, 153.0, 152.0, 151.0, 150.0, 149.0, 148.0, 147.0, 146.0, 145.0, 144.0, 143.0, 142.0, 141.0, 140.0]"
val,148,86,"[138, 98, 148, 109, 53, 57, 147, 77, 58, 51, 92, 2, 7, 62, 93, 24, 117, 54, 10, 28]","[159.0, 158.0, 157.0, 156.0, 155.0, 154.0, 153.0, 152.0, 151.0, 150.0, 149.0, 148.0, 147.0, 146.0, 145.0, 144.0, 143.0, 142.0, 141.0, 140.0]"
val,149,127,"[150, 11, 27, 18, 21, 68, 65, 128, 70, 102, 66, 47, 45, 59, 84, 111, 60, 43, 127, 105]","[159.0, 158.0, 157.0, 156.0, 155.0, 154.0, 153.0, 152.0, 151.0, 150.0, 149.0, 148.0, 147.0, 146.0, 145.0, 144.0, 143.0, 142.0, 141.0, 140.0]"
val,150,97,"[97, 66, 60, 13, 21, 65, 96, 127, 112, 118, 68, 142, 40, 81, 129, 106, 104, 156, 126, 100]","[159.0, 158.0, 157.0, 156.0, 155.0, 154.0, 153.0, 152.0, 151.0, 150.0, 149.0, 148.0, 147.0, 146.0, 145.0, 144.0, 143.0, 142.0, 141.0, 140.0]"
val,151,97,"[6, 59, 44, 70, 76, 85, 129, 95, 104, 106, 27, 107, 94, 153, 11, 47, 29, 137, 133, 96]","[159.0, 158.0, 157.0, 156.0, 155.0, 154.0, 153.0, 152.0, 151.0, 150.0, 149.0, 148.0, 147.0, 146.0, 145.0, 144.0, 143.0, 142.0, 141.0, 140.0]"
val,152,50,"[46, 101, 52, 9, 64, 37, 42, 50, 56, 152, 15, 102, 122, 114, 83, 134, 124, 78, 143, 61]","[159.0, 158.0, 157.0, 156.0, 155.0, 154.0, 153.0, 152.0, 151.0, 150.0, 149.0, 148.0, 147.0, 146.0, 145.0, 144.0, 143.0, 142.0, 141.0, 140.0]"
val,153,112,"[13, 65, 84, 21, 127, 97, 112, 66, 142, 68, 106, 104, 96, 129, 59, 94, 150, 137, 40, 95]","[159.0, 158.0, 157.0, 156.0, 155.0, 154.0, 153.0, 152.0, 151.0, 150.0, 149.0, 148.0, 147.0, 146.0, 145.0, 144.0, 143.0, 142.0, 141.0, 140.0]"
val,154,49,"[76, 43, 129, 104, 44, 59, 106, 49, 70, 153, 94, 85, 40, 136, 12, 95, 100, 96, 27, 41]","[159.0, 158.0, 157.0, 156.0, 155.0, 154.0, 153.0, 152.0, 151.0, 150.0, 149.0, 148.0, 147.0, 146.0, 145.0, 144.0, 143.0, 142.0, 141.0, 140.0]"
val,155,137,"[137, 27, 29, 86, 6, 21, 89, 43, 11, 93, 49, 150, 76, 44, 68, 65, 95, 59, 107, 94]","[159.0, 158.0, 157.0, 156.0, 155.0, 154.0, 153.0, 152.0, 151.0, 150.0, 149.0, 148.0, 147.0, 146.0, 145.0, 144.0, 143.0, 142.0, 141.0, 140.0]"
val,156,129,"[89, 129, 76, 94, 106, 47, 44, 59, 6, 29, 12, 49, 70, 85, 11, 100, 107, 133, 27, 7]","[159.0, 158.0, 157.0, 156.0, 155.0, 154.0, 153.0, 152.0, 151.0, 150.0, 149.0, 148.0, 147.0, 146.0, 145.0, 144.0, 143.0, 142.0, 141.0, 140.0]"
val,157,89,"[145, 77, 109, 10, 135, 138, 24, 7, 28, 53, 137, 117, 6, 62, 108, 98, 147, 58, 32, 57]","[159.0, 158.0, 157.0, 156.0, 155.0, 154.0, 153.0, 152.0, 151.0, 150.0, 149.0, 148.0, 147.0, 146.0, 145.0, 144.0, 143.0, 142.0, 141.0, 140.0]"
val,158,13,"[89, 153, 129, 43, 76, 104, 11, 47, 44, 6, 85, 12, 68, 70, 95, 49, 107, 29, 66, 28]","[159.0, 158.0, 157.0, 156.0, 155.0, 154.0, 153.0, 152.0, 151.0, 150.0, 149.0, 148.0, 147.0, 146.0, 145.0, 144.0, 143.0, 142.0, 141.0, 140.0]"
val,159,60,"[60, 84, 112, 97, 21, 13, 65, 96, 66, 18, 4, 150, 68, 67, 26, 94, 126, 107, 88, 37]","[159.0, 158.0, 157.0, 156.0, 155.0, 154.0, 153.0, 152.0, 151.0, 150.0, 149.0, 148.0, 147.0, 146.0, 145.0, 144.0, 143.0, 142.0, 141.0, 140.0]"
val,160,118,"[66, 60, 84, 97, 142, 150, 96, 127, 137, 133, 112, 107, 118, 126, 86, 6, 95, 11, 153, 59]","[159.0, 158.0, 157.0, 156.0, 155.0, 154.0, 153.0, 152.0, 151.0, 150.0, 149.0, 148.0, 147.0, 146.0, 145.0, 144.0, 143.0, 142.0, 141.0, 140.0]"
val,161,21,"[29, 6, 137, 133, 59, 76, 68, 86, 95, 21, 12, 150, 96, 46, 66, 35, 129, 7, 8, 65]","[159.0, 158.0, 157.0, 156.0, 155.0, 154.0, 153.0, 152.0, 151.0, 150.0, 149.0, 148.0, 147.0, 146.0, 145.0, 144.0, 143.0, 142.0, 141.0, 140.0]"
val,162,86,"[86, 150, 89, 21, 65, 145, 60, 107, 7, 84, 66, 142, 13, 127, 95, 88, 10, 28, 18, 96]","[159.0, 158.0, 157.0, 156.0, 155.0, 154.0, 153.0, 152.0, 151.0, 150.0, 149.0, 148.0, 147.0, 146.0, 145.0, 144.0, 143.0, 142.0, 141.0, 140.0]"
test,0,86,"[43, 94, 89, 76, 104, 106, 59, 12, 44, 129, 85, 95, 153, 100, 49, 68, 70, 6, 47, 120]","[159.0, 158.0, 157.0, 156.0, 155.0, 154.0, 153.0, 152.0, 151.0, 150.0, 149.0, 148.0, 147.0, 146.0, 145.0, 144.0, 143.0, 142.0, 141.0, 140.0]"
test,1,84,"[13, 60, 84, 68, 89, 94, 66, 96, 47, 153, 133, 65, 112, 126, 40, 76, 29, 43, 137, 12]","[159.0, 158.0, 157.0, 156.0, 155.0, 154.0, 153.0, 152.0, 151.0, 150.0, 149.0, 148.0, 147.0, 146.0, 145.0, 144.0, 143.0, 142.0, 141.0, 140.0]"
test,2,145,"[135, 138, 109, 148, 7, 77, 51, 57, 58, 147, 10, 62, 93, 2, 32, 157, 125, 108, 28, 145]","[159.0, 158.0, 157.0, 156.0, 155.0, 154.0, 153.0, 152.0, 151.0, 150.0, 149.0, 148.0, 147.0, 146.0, 145.0, 144.0, 143.0, 142.0, 141.0, 140.0]"
test,3,60,"[127, 66, 60, 152, 95, 65, 37, 21, 112, 115, 11, 131, 18, 79, 5, 30, 31, 113, 25, 150]","[159.0, 158.0, 157.0, 156.0, 155.0, 154.0, 153.0, 152.0, 151.0, 150.0, 149.0, 148.0, 147.0, 146.0, 145.0, 144.0, 143.0, 142.0, 141.0, 140.0]"
test,4,97,"[129, 89, 153, 76, 136, 47, 6, 94, 59, 12, 44, 95, 49, 107, 11, 21, 29, 13, 108, 145]","[159.0, 158.0, 157.0, 156.0, 155.0, 154.0, 153.0, 152.0, 151.0, 150.0, 149.0, 148.0, 147.0, 146.0, 145.0, 144.0, 143.0, 142.0, 141.0, 140.0]"
test,5,60,"[109, 148, 58, 53, 57, 93, 92, 51, 45, 82, 147, 111, 10, 24, 28, 73, 128, 102, 149, 18]","[159.0, 158.0, 157.0, 156.0, 155.0, 154.0, 153.0, 152.0, 151.0, 150.0, 149.0, 148.0, 147.0, 146.0, 145.0, 144.0, 143.0, 142.0, 141.0, 140.0]"
test,6,77,"[77, 117, 62, 51, 58, 145, 109, 153, 10, 108, 34, 93, 135, 53, 47, 138, 104, 29, 125, 95]","[159.0, 158.0, 157.0, 156.0, 155.0, 154.0, 153.0, 152.0, 151.0, 150.0, 149.0, 148.0, 147.0, 146.0, 145.0, 144.0, 143.0, 142.0, 141.0, 140.0]"
test,7,112,"[13, 65, 21, 84, 97, 112, 142, 68, 96, 104, 106, 59, 129, 94, 40, 29, 95, 153, 43, 100]","[159.0, 158.0, 157.0, 156.0, 155.0, 154.0, 153.0, 152.0, 151.0, 150.0, 149.0, 148.0, 147.0, 146.0, 145.0, 144.0, 143.0, 142.0, 141.0, 140.0]"
test,8,77,"[116, 144, 22, 146, 114, 69, 8, 16, 78, 53, 54, 140, 72, 151, 67, 126, 77, 24, 2, 23]","[159.0, 158.0, 157.0, 156.0, 155.0, 154.0, 153.0, 152.0, 151.0, 150.0, 149.0, 148.0, 147.0, 146.0, 145.0, 144.0, 143.0, 142.0, 141.0, 140.0]"
test,9,142,"[137, 29, 86, 21, 6, 89, 43, 11, 65, 150, 49, 68, 44, 76, 107, 59, 94, 95, 93, 97]","[159.0, 158.0, 157.0, 156.0, 155.0, 154.0, 153.0, 152.0, 151.0, 150.0, 149.0, 148.0, 147.0, 146.0, 145.0, 144.0, 143.0, 142.0, 141.0, 140.0]"
test,10,118,"[60, 118, 84, 112, 97, 21, 13, 66, 87, 150, 68, 4, 94, 67, 44, 104, 26, 126, 142, 102]","[159.0, 158.0, 157.0, 156.0, 155.0, 154.0, 153.0, 152.0, 151.0, 150.0, 149.0, 148.0, 147.0, 146.0, 145.0, 144.0, 143.0, 142.0, 141.0, 140.0]"
test,11,136,"[106, 129, 153, 100, 89, 76, 47, 43, 40, 68, 94, 44, 12, 85, 136, 6, 95, 59, 107, 112]","[159.0, 158.0, 157.0, 156.0, 155.0, 154.0, 153.0, 152.0, 151.0, 150.0, 149.0, 148.0, 147.0, 146.0, 145.0, 144.0, 143.0, 142.0, 141.0, 140.0]"
test,12,150,"[127, 94, 84, 120, 43, 9, 4, 89, 71, 129, 152, 87, 12, 40, 44, 107, 59, 101, 37, 52]","[159.0, 158.0, 157.0, 156.0, 155.0, 154.0, 153.0, 152.0, 151.0, 150.0, 149.0, 148.0, 147.0, 146.0, 145.0, 144.0, 143.0, 142.0, 141.0, 140.0]"
test,13,133,"[133, 29, 27, 86, 6, 150, 11, 89, 49, 21, 145, 44, 65, 76, 43, 70, 97, 7, 59, 85]","[159.0, 158.0, 157.0, 156.0, 155.0, 154.0, 153.0, 152.0, 151.0, 150.0, 149.0, 148.0, 147.0, 146.0, 145.0, 144.0, 143.0, 142.0, 141.0, 140.0]"
test,14,154,"[159, 61, 154, 143, 99, 155, 122, 146, 54, 151, 50, 53, 140, 16, 141, 126, 24, 114, 67, 28]","[159.0, 158.0, 157.0, 156.0, 155.0, 154.0, 153.0, 152.0, 151.0, 150.0, 149.0, 148.0, 147.0, 146.0, 145.0, 144.0, 143.0, 142.0, 141.0, 140.0]"
test,15,137,"[104, 106, 153, 100, 68, 95, 136, 43, 6, 94, 59, 44, 12, 40, 49, 107, 13, 29, 21, 28]","[159.0, 158.0, 157.0, 156.0, 155.0, 154.0, 153.0, 152.0, 151.0, 150.0, 149.0, 148.0, 147.0, 146.0, 145.0, 144.0, 143.0, 142.0, 141.0, 140.0]"
test,16,86,"[89, 76, 43, 129, 70, 106, 153, 94, 85, 40, 136, 95, 96, 27, 47, 41, 87, 133, 139, 145]","[159.0, 158.0, 157.0, 156.0, 155.0, 154.0, 153.0, 152.0, 151.0, 150.0, 149.0, 148.0, 147.0, 146.0, 145.0, 144.0, 143.0, 142.0, 141.0, 140.0]"
test,17,84,"[13, 60, 59, 84, 68, 129, 106, 94, 127, 97, 100, 66, 153, 47, 96, 40, 104, 76, 43, 133]","[159.0, 158.0, 157.0, 156.0, 155.0, 154.0, 153.0, 152.0, 151.0, 150.0, 149.0, 148.0, 147.0, 146.0, 145.0, 144.0, 143.0, 142.0, 141.0, 140.0]"
test,18,21,"[89, 153, 129, 76, 104, 106, 11, 6, 44, 85, 12, 94, 100, 59, 40, 95, 49, 29, 66, 119]","[159.0, 158.0, 157.0, 156.0, 155.0, 154.0, 153.0, 152.0, 151.0, 150.0, 149.0, 148.0, 147.0, 146.0, 145.0, 144.0, 143.0, 142.0, 141.0, 140.0]"
test,19,127,"[65, 127, 84, 97, 66, 142, 68, 104, 106, 118, 150, 129, 59, 94, 137, 40, 29, 95, 153, 133]","[159.0, 158.0, 157.0, 156.0, 155.0, 154.0, 153.0, 152.0, 151.0, 150.0, 149.0, 148.0, 147.0, 146.0, 145.0, 144.0, 143.0, 142.0, 141.0, 140.0]"
test,20,112,"[89, 153, 129, 43, 76, 104, 106, 11, 47, 6, 44, 85, 68, 12, 70, 94, 59, 100, 40, 49]","[159.0, 158.0, 157.0, 156.0, 155.0, 154.0, 153.0, 152.0, 151.0, 150.0, 149.0, 148.0, 147.0, 146.0, 145.0, 144.0, 143.0, 142.0, 141.0, 140.0]"
test,21,49,"[95, 47, 6, 40, 12, 11, 29, 94, 49, 66, 7, 112, 107, 21, 13, 27, 150, 23, 108, 28]","[159.0, 158.0, 157.0, 156.0, 155.0, 154.0, 153.0, 152.0, 151.0, 150.0, 149.0, 148.0, 147.0, 146.0, 145.0, 144.0, 143.0, 142.0, 141.0, 140.0]"
test,22,97,"[84, 65, 97, 13, 60, 118, 112, 120, 150, 126, 76, 136, 59, 124, 88, 43, 26, 11, 3, 104]","[159.0, 158.0, 157.0, 156.0, 155.0, 154.0, 153.0, 152.0, 151.0, 150.0, 149.0, 148.0, 147.0, 146.0, 145.0, 144.0, 143.0, 142.0, 141.0, 140.0]"
test,23,127,"[137, 27, 21, 6, 89, 43, 11, 65, 150, 49, 44, 68, 76, 59, 93, 95, 107, 94, 97, 40]","[159.0, 158.0, 157.0, 156.0, 155.0, 154.0, 153.0, 152.0, 151.0, 150.0, 149.0, 148.0, 147.0, 146.0, 145.0, 144.0, 143.0, 142.0, 141.0, 140.0]"
test,24,142,"[97, 13, 60, 21, 96, 127, 112, 118, 142, 143, 68, 126, 40, 129, 122, 104, 100, 139, 94, 115]","[159.0, 158.0, 157.0, 156.0, 155.0, 154.0, 153.0, 152.0, 151.0, 150.0, 149.0, 148.0, 147.0, 146.0, 145.0, 144.0, 143.0, 142.0, 141.0, 140.0]"
test,25,137,"[153, 127, 60, 150, 84, 66, 97, 13, 21, 142, 88, 96, 59, 129, 126, 65, 89, 12, 152, 76]","[159.0, 158.0, 157.0, 156.0, 155.0, 154.0, 153.0, 152.0, 151.0, 150.0, 149.0, 148.0, 147.0, 146.0, 145.0, 144.0, 143.0, 142.0, 141.0, 140.0]"
test,26,68,"[40, 89, 76, 59, 106, 44, 85, 12, 153, 11, 6, 104, 136, 129, 49, 68, 107, 47, 100, 27]","[159.0, 158.0, 157.0, 156.0, 155.0, 154.0, 153.0, 152.0, 151.0, 150.0, 149.0, 148.0, 147.0, 146.0, 145.0, 144.0, 143.0, 142.0, 141.0, 140.0]"
test,27,118,"[60, 84, 150, 97, 13, 66, 142, 21, 47, 96, 88, 11, 7, 65, 152, 93, 136, 118, 44, 86]","[159.0, 158.0, 157.0, 156.0, 155.0, 154.0, 153.0, 152.0, 151.0, 150.0, 149.0, 148.0, 147.0, 146.0, 145.0, 144.0, 143.0, 142.0, 141.0, 140.0]"
test,28,10,"[77, 58, 51, 10, 108, 145, 53, 104, 34, 109, 153, 93, 28, 135, 147, 146, 129, 81, 57, 106]","[159.0, 158.0, 157.0, 156.0, 155.0, 154.0, 153.0, 152.0, 151.0, 150.0, 149.0, 148.0, 147.0, 146.0, 145.0, 144.0, 143.0, 142.0, 141.0, 140.0]"
test,29,93,"[62, 77, 117, 2, 7, 34, 145, 93, 108, 125, 10, 147, 92, 57, 83, 53, 39, 28, 134, 23]","[159.0, 158.0, 157.0, 156.0, 155.0, 154.0, 153.0, 152.0, 151.0, 150.0, 149.0, 148.0, 147.0, 146.0, 145.0, 144.0, 143.0, 142.0, 141.0, 140.0]"
test,30,127,"[89, 43, 106, 40, 44, 76, 153, 104, 129, 49, 85, 94, 68, 100, 95, 107, 47, 70, 136, 21]","[159.0, 158.0, 157.0, 156.0, 155.0, 154.0, 153.0, 152.0, 151.0, 150.0, 149.0, 148.0, 147.0, 146.0, 145.0, 144.0, 143.0, 142.0, 141.0, 140.0]"
test,31,118,"[66, 60, 84, 97, 13, 150, 21, 96, 137, 133, 112, 107, 68, 118, 86, 126, 6, 95, 7, 89]","[159.0, 158.0, 157.0, 156.0, 155.0, 154.0, 153.0, 152.0, 151.0, 150.0, 149.0, 148.0, 147.0, 146.0, 145.0, 144.0, 143.0, 142.0, 141.0, 140.0]"
test,32,84,"[21, 84, 129, 112, 127, 65, 66, 97, 106, 96, 59, 68, 104, 142, 7, 40, 47, 29, 94, 43]","[159.0, 158.0, 157.0, 156.0, 155.0, 154.0, 153.0, 152.0, 151.0, 150.0, 149.0, 148.0, 147.0, 146.0, 145.0, 144.0, 143.0, 142.0, 141.0, 140.0]"
test,33,127,"[127, 153, 104, 68, 100, 13, 66, 150, 106, 142, 47, 126, 11, 40, 88, 129, 7, 65, 152, 59]","[159.0, 158.0, 157.0, 156.0, 155.0, 154.0, 153.0, 152.0, 151.0, 150.0, 149.0, 148.0, 147.0, 146.0, 145.0, 144.0, 143.0, 142.0, 141.0, 140.0]"
test,34,96,"[27, 137, 6, 11, 89, 133, 95, 86, 43, 153, 49, 44, 59, 68, 76, 47, 70, 150, 21, 94]","[159.0, 158.0, 157.0, 156.0, 155.0, 154.0, 153.0, 152.0, 151.0, 150.0, 149.0, 148.0, 147.0, 146.0, 145.0, 144.0, 143.0, 142.0, 141.0, 140.0]"
test,35,96,"[89, 6, 76, 43, 104, 129, 44, 59, 49, 70, 106, 153, 85, 94, 95, 12, 40, 136, 27, 100]","[159.0, 158.0, 157.0, 156.0, 155.0, 154.0, 153.0, 152.0, 151.0, 150.0, 149.0, 148.0, 147.0, 146.0, 145.0, 144.0, 143.0, 142.0, 141.0, 140.0]"
test,36,142,"[65, 84, 97, 153, 89, 96, 13, 60, 21, 112, 68, 118, 4, 127, 142, 44, 150, 120, 76, 95]","[159.0, 158.0, 157.0, 156.0, 155.0, 154.0, 153.0, 152.0, 151.0, 150.0, 149.0, 148.0, 147.0, 146.0, 145.0, 144.0, 143.0, 142.0, 141.0, 140.0]"
test,37,21,"[29, 133, 150, 11, 27, 21, 18, 68, 65, 128, 66, 70, 79, 89, 102, 35, 93, 47, 59, 45]","[159.0, 158.0, 157.0, 156.0, 155.0, 154.0, 153.0, 152.0, 151.0, 150.0, 149.0, 148.0, 147.0, 146.0, 145.0, 144.0, 143.0, 142.0, 141.0, 140.0]"
test,38,150,"[112, 13, 18, 150, 107, 126, 37, 142, 80, 102, 157, 56, 31, 79, 52, 71, 9, 121, 139, 25]","[159.0, 158.0, 157.0, 156.0, 155.0, 154.0, 153.0, 152.0, 151.0, 150.0, 149.0, 148.0, 147.0, 146.0, 145.0, 144.0, 143.0, 142.0, 141.0, 140.0]"
test,39,150,"[96, 60, 127, 21, 13, 142, 112, 68, 100, 126, 106, 81, 118, 151, 59, 104, 150, 76, 129, 132]","[159.0, 158.0, 157.0, 156.0, 155.0, 154.0, 153.0, 152.0, 151.0, 150.0, 149.0, 148.0, 147.0, 146.0, 145.0, 144.0, 143.0, 142.0, 141.0, 140.0]"
test,40,127,"[66, 96, 65, 127, 142, 112, 68, 100, 137, 126, 118, 151, 104, 150, 132, 40, 88, 156, 133, 47]","[159.0, 158.0, 157.0, 156.0, 155.0, 154.0, 153.0, 152.0, 151.0, 150.0, 149.0, 148.0, 147.0, 146.0, 145.0, 144.0, 143.0, 142.0, 141.0, 140.0]"
test,41,137,"[58, 2, 117, 7, 145, 34, 109, 108, 10, 93, 125, 53, 28, 153, 104, 138, 39, 129, 29, 32]","[159.0, 158.0, 157.0, 156.0, 155.0, 154.0, 153.0, 152.0, 151.0, 150.0, 149.0, 148.0, 147.0, 146.0, 145.0, 144.0, 143.0, 142.0, 141.0, 140.0]"
test,42,150,"[97, 66, 60, 13, 65, 21, 96, 127, 112, 118, 142, 68, 59, 40, 126, 150, 143, 114, 129, 106]","[159.0, 158.0, 157.0, 156.0, 155.0, 154.0, 153.0, 152.0, 151.0, 150.0, 149.0, 148.0, 147.0, 146.0, 145.0, 144.0, 143.0, 142.0, 141.0, 140.0]"
test,43,65,"[137, 65, 86, 29, 142, 112, 133, 7, 60, 93, 18, 153, 127, 95, 27, 11, 21, 13, 73, 102]","[159.0, 158.0, 157.0, 156.0, 155.0, 154.0, 153.0, 152.0, 151.0, 150.0, 149.0, 148.0, 147.0, 146.0, 145.0, 144.0, 143.0, 142.0, 141.0, 140.0]"
test,44,29,"[117, 62, 7, 58, 51, 145, 10, 34, 108, 53, 93, 28, 125, 109, 32, 23, 39, 104, 24, 153]","[159.0, 158.0, 157.0, 156.0, 155.0, 154.0, 153.0, 152.0, 151.0, 150.0, 149.0, 148.0, 147.0, 146.0, 145.0, 144.0, 143.0, 142.0, 141.0, 140.0]"
test,45,142,"[104, 106, 153, 100, 68, 95, 47, 6, 43, 44, 12, 40, 85, 107, 13, 28, 29, 21, 53, 120]","[159.0, 158.0, 157.0, 156.0, 155.0, 154.0, 153.0, 152.0, 151.0, 150.0, 149.0, 148.0, 147.0, 146.0, 145.0, 144.0, 143.0, 142.0, 141.0, 140.0]"
test,46,118,"[118, 112, 84, 21, 97, 13, 65, 96, 66, 18, 150, 4, 87, 126, 67, 26, 142, 133, 107, 88]","[159.0, 158.0, 157.0, 156.0, 155.0, 154.0, 153.0, 152.0, 151.0, 150.0, 149.0, 148.0, 147.0, 146.0, 145.0, 144.0, 143.0, 142.0, 141.0, 140.0]"
test,47,34,"[61, 75, 116, 50, 99, 8, 123, 114, 159, 146, 155, 144, 16, 69, 141, 17, 122, 53, 22, 143]","[159.0, 158.0, 157.0, 156.0, 155.0, 154.0, 153.0, 152.0, 151.0, 150.0, 149.0, 148.0, 147.0, 146.0, 145.0, 144.0, 143.0, 142.0, 141.0, 140.0]"
test,48,13,"[6, 153, 76, 43, 129, 106, 95, 59, 104, 136, 44, 94, 47, 49, 40, 85, 12, 100, 68, 11]","[159.0, 158.0, 157.0, 156.0, 155.0, 154.0, 153.0, 152.0, 151.0, 150.0, 149.0, 148.0, 147.0, 146.0, 145.0, 144.0, 143.0, 142.0, 141.0, 140.0]"
test,49,6,"[93, 28, 145, 24, 125, 32, 10, 73, 135, 138, 53, 159, 144, 137, 92, 108, 77, 133, 109, 11]","[159.0, 158.0, 157.0, 156.0, 155.0, 154.0, 153.0, 152.0, 151.0, 150.0, 149.0, 148.0, 147.0, 146.0, 145.0, 144.0, 143.0, 142.0, 141.0, 140.0]"
test,50,142,"[84, 66, 96, 65, 60, 21, 127, 142, 13, 112, 68, 100, 59, 150, 106, 104, 118, 126, 76, 40]","[159.0, 158.0, 157.0, 156.0, 155.0, 154.0, 153.0, 152.0, 151.0, 150.0, 149.0, 148.0, 147.0, 146.0, 145.0, 144.0, 143.0, 142.0, 141.0, 140.0]"
test,51,155,"[115, 122, 19, 48, 87, 61, 113, 33, 120, 131, 16, 63, 52, 80, 9, 116, 139, 110, 41, 121]","[159.0, 158.0, 157.0, 156.0, 155.0, 154.0, 153.0, 152.0, 151.0, 150.0, 149.0, 148.0, 147.0, 146.0, 145.0, 144.0, 143.0, 142.0, 141.0, 140.0]"
test,52,150,"[60, 118, 84, 97, 21, 13, 65, 66, 18, 150, 68, 4, 94, 26, 133, 67, 126, 44, 104, 107]","[159.0, 158.0, 157.0, 156.0, 155.0, 154.0, 153.0, 152.0, 151.0, 150.0, 149.0, 148.0, 147.0, 146.0, 145.0, 144.0, 143.0, 142.0, 141.0, 140.0]"
test,53,65,"[53, 28, 77, 93, 135, 23, 62, 32, 7, 2, 51, 34, 98, 58, 39, 145, 117, 138, 147, 109]","[159.0, 158.0, 157.0, 156.0, 155.0, 154.0, 153.0, 152.0, 151.0, 150.0, 149.0, 148.0, 147.0, 146.0, 145.0, 144.0, 143.0, 142.0, 141.0, 140.0]"
test,54,49,"[2, 117, 62, 7, 51, 145, 34, 10, 108, 93, 53, 109, 39, 104, 159, 29, 153, 57, 147, 154]","[159.0, 158.0, 157.0, 156.0, 155.0, 154.0, 153.0, 152.0, 151.0, 150.0, 149.0, 148.0, 147.0, 146.0, 145.0, 144.0, 143.0, 142.0, 141.0, 140.0]"
test,55,137,"[2, 117, 62, 7, 58, 51, 145, 10, 108, 34, 53, 93, 28, 109, 125, 32, 135, 23, 104, 39]","[159.0, 158.0, 157.0, 156.0, 155.0, 154.0, 153.0, 152.0, 151.0, 150.0, 149.0, 148.0, 147.0, 146.0, 145.0, 144.0, 143.0, 142.0, 141.0, 140.0]"
test,56,127,"[13, 65, 21, 84, 127, 112, 66, 68, 104, 150, 94, 40, 29, 153, 43, 93, 76, 11, 47, 44]","[159.0, 158.0, 157.0, 156.0, 155.0, 154.0, 153.0, 152.0, 151.0, 150.0, 149.0, 148.0, 147.0, 146.0, 145.0, 144.0, 143.0, 142.0, 141.0, 140.0]"
test,57,93,"[39, 93, 145, 77, 117, 58, 125, 62, 109, 51, 10, 2, 92, 135, 108, 73, 24, 138, 11, 147]","[159.0, 158.0, 157.0, 156.0, 155.0, 154.0, 153.0, 152.0, 151.0, 150.0, 149.0, 148.0, 147.0, 146.0, 145.0, 144.0, 143.0, 142.0, 141.0, 140.0]"
test,58,89,"[89, 76, 43, 49, 153, 59, 44, 29, 70, 129, 27, 85, 107, 106, 11, 104, 12, 95, 100, 68]","[159.0, 158.0, 157.0, 156.0, 155.0, 154.0, 153.0, 152.0, 151.0, 150.0, 149.0, 148.0, 147.0, 146.0, 145.0, 144.0, 143.0, 142.0, 141.0, 140.0]"
test,59,13,"[29, 150, 27, 18, 21, 65, 128, 66, 79, 102, 70, 93, 89, 35, 84, 73, 45, 59, 60, 76]","[159.0, 158.0, 157.0, 156.0, 155.0, 154.0, 153.0, 152.0, 151.0, 150.0, 149.0, 148.0, 147.0, 146.0, 145.0, 144.0, 143.0, 142.0, 141.0, 140.0]"
test,60,27,"[43, 40, 89, 104, 76, 106, 129, 100, 59, 12, 68, 153, 6, 49, 136, 107, 47, 21, 85, 118]","[159.0, 158.0, 157.0, 156.0, 155.0, 154.0, 153.0, 152.0, 151.0, 150.0, 149.0, 148.0, 147.0, 146.0, 145.0, 144.0, 143.0, 142.0, 141.0, 140.0]"
test,61,60,"[104, 106, 129, 68, 89, 153, 47, 43, 12, 6, 59, 40, 85, 136, 95, 112, 49, 107, 21, 7]","[159.0, 158.0, 157.0, 156.0, 155.0, 154.0, 153.0, 152.0, 151.0, 150.0, 149.0, 148.0, 147.0, 146.0, 145.0, 144.0, 143.0, 142.0, 141.0, 140.0]"
test,62,137,"[21, 60, 84, 106, 112, 66, 89, 127, 153, 104, 65, 59, 97, 68, 96, 47, 40, 94, 95, 29]","[159.0, 158.0, 157.0, 156.0, 155.0, 154.0, 153.0, 152.0, 151.0, 150.0, 149.0, 148.0, 147.0, 146.0, 145.0, 144.0, 143.0, 142.0, 141.0, 140.0]"
test,63,60,"[89, 6, 104, 43, 49, 70, 153, 94, 40, 12, 136, 95, 100, 96, 27, 47, 68, 41, 120, 87]","[159.0, 158.0, 157.0, 156.0, 155.0, 154.0, 153.0, 152.0, 151.0, 150.0, 149.0, 148.0, 147.0, 146.0, 145.0, 144.0, 143.0, 142.0, 141.0, 140.0]"
test,64,112,"[61, 75, 50, 116, 114, 159, 155, 154, 146, 16, 69, 122, 78, 17, 143, 53, 22, 72, 148, 2]","[159.0, 158.0, 157.0, 156.0, 155.0, 154.0, 153.0, 152.0, 151.0, 150.0, 149.0, 148.0, 147.0, 146.0, 145.0, 144.0, 143.0, 142.0, 141.0, 140.0]"
test,65,21,"[61, 116, 144, 123, 50, 81, 99, 159, 78, 22, 114, 8, 155, 54, 53, 122, 143, 69, 55, 141]","[159.0, 158.0, 157.0, 156.0, 155.0, 154.0, 153.0, 152.0, 151.0, 150.0, 149.0, 148.0, 147.0, 146.0, 145.0, 144.0, 143.0, 142.0, 141.0, 140.0]"
test,66,118,"[118, 112, 84, 97, 13, 65, 96, 66, 18, 87, 150, 4, 67, 126, 26, 142, 88, 47, 11, 102]","[159.0, 158.0, 157.0, 156.0, 155.0, 154.0, 153.0, 152.0, 151.0, 150.0, 149.0, 148.0, 147.0, 146.0, 145.0, 144.0, 143.0, 142.0, 141.0, 140.0]"
test,67,112,"[84, 112, 127, 66, 65, 96, 89, 104, 142, 40, 47, 100, 11, 76, 14, 150, 156, 126, 6, 136]","[159.0, 158.0, 157.0, 156.0, 155.0, 154.0, 153.0, 152.0, 151.0, 150.0, 149.0, 148.0, 147.0, 146.0, 145.0, 144.0, 143.0, 142.0, 141.0, 140.0]"
test,68,66,"[89, 76, 43, 49, 59, 44, 129, 107, 70, 85, 27, 29, 106, 104, 11, 12, 100, 95, 136, 47]","[159.0, 158.0, 157.0, 156.0, 155.0, 154.0, 153.0, 152.0, 151.0, 150.0, 149.0, 148.0, 147.0, 146.0, 145.0, 144.0, 143.0, 142.0, 141.0, 140.0]"
test,69,76,"[104, 129, 76, 153, 94, 12, 6, 85, 95, 112, 49, 107, 21, 7, 29, 11, 97, 77, 2, 13]","[159.0, 158.0, 157.0, 156.0, 155.0, 154.0, 153.0, 152.0, 151.0, 150.0, 149.0, 148.0, 147.0, 146.0, 145.0, 144.0, 143.0, 142.0, 141.0, 140.0]"
test,70,142,"[60, 118, 84, 112, 21, 13, 65, 66, 18, 87, 150, 68, 4, 94, 126, 26, 107, 133, 142, 44]","[159.0, 158.0, 157.0, 156.0, 155.0, 154.0, 153.0, 152.0, 151.0, 150.0, 149.0, 148.0, 147.0, 146.0, 145.0, 144.0, 143.0, 142.0, 141.0, 140.0]"
test,71,49,"[117, 7, 145, 10, 34, 108, 93, 53, 28, 125, 32, 39, 23, 104, 24, 153, 29, 146, 57, 147]","[159.0, 158.0, 157.0, 156.0, 155.0, 154.0, 153.0, 152.0, 151.0, 150.0, 149.0, 148.0, 147.0, 146.0, 145.0, 144.0, 143.0, 142.0, 141.0, 140.0]"
test,72,153,"[135, 57, 147, 77, 93, 2, 10, 7, 155, 24, 117, 145, 51, 34, 81, 50, 62, 157, 58, 92]","[159.0, 158.0, 157.0, 156.0, 155.0, 154.0, 153.0, 152.0, 151.0, 150.0, 149.0, 148.0, 147.0, 146.0, 145.0, 144.0, 143.0, 142.0, 141.0, 140.0]"
test,73,127,"[13, 21, 65, 84, 127, 97, 112, 66, 142, 68, 106, 104, 118, 59, 129, 96, 94, 150, 40, 137]","[159.0, 158.0, 157.0, 156.0, 155.0, 154.0, 153.0, 152.0, 151.0, 150.0, 149.0, 148.0, 147.0, 146.0, 145.0, 144.0, 143.0, 142.0, 141.0, 140.0]"
test,74,127,"[40, 89, 76, 94, 59, 44, 85, 106, 12, 6, 11, 153, 70, 95, 104, 136, 129, 49, 68, 107]","[159.0, 158.0, 157.0, 156.0, 155.0, 154.0, 153.0, 152.0, 151.0, 150.0, 149.0, 148.0, 147.0, 146.0, 145.0, 144.0, 143.0, 142.0, 141.0, 140.0]"
test,75,97,"[89, 104, 153, 106, 76, 100, 68, 47, 136, 43, 6, 59, 44, 12, 40, 70, 85, 49, 107, 13]","[159.0, 158.0, 157.0, 156.0, 155.0, 154.0, 153.0, 152.0, 151.0, 150.0, 149.0, 148.0, 147.0, 146.0, 145.0, 144.0, 143.0, 142.0, 141.0, 140.0]"
test,76,21,"[43, 76, 153, 129, 95, 104, 44, 94, 40, 47, 49, 85, 12, 100, 68, 11, 107, 66, 21, 27]","[159.0, 158.0, 157.0, 156.0, 155.0, 154.0, 153.0, 152.0, 151.0, 150.0, 149.0, 148.0, 147.0, 146.0, 145.0, 144.0, 143.0, 142.0, 141.0, 140.0]"
test,77,96,"[13, 60, 59, 84, 127, 94, 97, 66, 96, 133, 65, 153, 40, 112, 137, 104, 43, 12, 86, 6]","[159.0, 158.0, 157.0, 156.0, 155.0, 154.0, 153.0, 152.0, 151.0, 150.0, 149.0, 148.0, 147.0, 146.0, 145.0, 144.0, 143.0, 142.0, 141.0, 140.0]"
test,78,106,"[89, 153, 44, 104, 6, 59, 76, 106, 40, 129, 136, 49, 100, 47, 95, 11, 107, 27, 29, 137]","[159.0, 158.0, 157.0, 156.0, 155.0, 154.0, 153.0, 152.0, 151.0, 150.0, 149.0, 148.0, 147.0, 146.0, 145.0, 144.0, 143.0, 142.0, 141.0, 140.0]"
test,79,112,"[117, 62, 7, 58, 51, 145, 10, 34, 108, 53, 93, 28, 125, 32, 23, 39, 104, 24, 159, 153]","[159.0, 158.0, 157.0, 156.0, 155.0, 154.0, 153.0, 152.0, 151.0, 150.0, 149.0, 148.0, 147.0, 146.0, 145.0, 144.0, 143.0, 142.0, 141.0, 140.0]"
test,80,137,"[135, 138, 109, 148, 53, 57, 77, 7, 51, 92, 147, 58, 10, 24, 62, 2, 93, 32, 125, 3]","[159.0, 158.0, 157.0, 156.0, 155.0, 154.0, 153.0, 152.0, 151.0, 150.0, 149.0, 148.0, 147.0, 146.0, 145.0, 144.0, 143.0, 142.0, 141.0, 140.0]"
test,81,65,"[13, 65, 21, 84, 127, 97, 112, 66, 142, 68, 118, 150, 104, 96, 137, 40, 133, 95, 86, 11]","[159.0, 158.0, 157.0, 156.0, 155.0, 154.0, 153.0, 152.0, 151.0, 150.0, 149.0, 148.0, 147.0, 146.0, 145.0, 144.0, 143.0, 142.0, 141.0, 140.0]"
test,82,97,"[89, 43, 70, 59, 49, 85, 6, 76, 104, 153, 40, 129, 106, 12, 107, 94, 11, 68, 27, 100]","[159.0, 158.0, 157.0, 156.0, 155.0, 154.0, 153.0, 152.0, 151.0, 150.0, 149.0, 148.0, 147.0, 146.0, 145.0, 144.0, 143.0, 142.0, 141.0, 140.0]"
test,83,13,"[104, 106, 89, 94, 6, 47, 85, 44, 136, 95, 70, 49, 112, 21, 29, 7, 97, 13, 27, 23]","[159.0, 158.0, 157.0, 156.0, 155.0, 154.0, 153.0, 152.0, 151.0, 150.0, 149.0, 148.0, 147.0, 146.0, 145.0, 144.0, 143.0, 142.0, 141.0, 140.0]"
test,84,97,"[97, 66, 13, 65, 21, 96, 127, 112, 118, 142, 126, 143, 150, 122, 116, 94, 137, 69, 86, 14]","[159.0, 158.0, 157.0, 156.0, 155.0, 154.0, 153.0, 152.0, 151.0, 150.0, 149.0, 148.0, 147.0, 146.0, 145.0, 144.0, 143.0, 142.0, 141.0, 140.0]"
test,85,112,"[10, 77, 2, 7, 62, 11, 145, 153, 117, 104, 93, 32, 70, 58, 51, 28, 34, 47, 106, 12]","[159.0, 158.0, 157.0, 156.0, 155.0, 154.0, 153.0, 152.0, 151.0, 150.0, 149.0, 148.0, 147.0, 146.0, 145.0, 144.0, 143.0, 142.0, 141.0, 140.0]"
test,86,142,"[21, 13, 142, 112, 126, 151, 150, 132, 88, 156, 47, 9, 107, 22, 157, 143, 122, 124, 43, 50]","[159.0, 158.0, 157.0, 156.0, 155.0, 154.0, 153.0, 152.0, 151.0, 150.0, 149.0, 148.0, 147.0, 146.0, 145.0, 144.0, 143.0, 142.0, 141.0, 140.0]"
test,87,97,"[97, 96, 18, 87, 4, 150, 26, 67, 126, 88, 37, 80, 102, 47, 56, 11, 158, 52, 42, 71]","[159.0, 158.0, 157.0, 156.0, 155.0, 154.0, 153.0, 152.0, 151.0, 150.0, 149.0, 148.0, 147.0, 146.0, 145.0, 144.0, 143.0, 142.0, 141.0, 140.0]"
test,88,127,"[66, 13, 65, 21, 96, 127, 118, 81, 142, 143, 68, 156, 126, 114, 124, 59, 87, 40, 129, 106]","[159.0, 158.0, 157.0, 156.0, 155.0, 154.0, 153.0, 152.0, 151.0, 150.0, 149.0, 148.0, 147.0, 146.0, 145.0, 144.0, 143.0, 142.0, 141.0, 140.0]"
test,89,76,"[153, 89, 76, 6, 95, 49, 112, 2, 77, 108, 7, 29, 28, 145, 13, 21, 60, 146, 62, 23]","[159.0, 158.0, 157.0, 156.0, 155.0, 154.0, 153.0, 152.0, 151.0, 150.0, 149.0, 148.0, 147.0, 146.0, 145.0, 144.0, 143.0, 142.0, 141.0, 140.0]"
test,90,142,"[53, 24, 23, 32, 125, 77, 135, 39, 138, 93, 159, 2, 98, 145, 62, 148, 144, 129, 117, 22]","[159.0, 158.0, 157.0, 156.0, 155.0, 154.0, 153.0, 152.0, 151.0, 150.0, 149.0, 148.0, 147.0, 146.0, 145.0, 144.0, 143.0, 142.0, 141.0, 140.0]"
test,91,86,"[57, 135, 148, 77, 2, 53, 108, 10, 62, 58, 109, 7, 51, 117, 93, 98, 145, 116, 155, 138]","[159.0, 158.0, 157.0, 156.0, 155.0, 154.0, 153.0, 152.0, 151.0, 150.0, 149.0, 148.0, 147.0, 146.0, 145.0, 144.0, 143.0, 142.0, 141.0, 140.0]"
test,92,142,"[63, 139, 50, 75, 121, 114, 1, 41, 9, 78, 3, 113, 71, 56, 61, 8, 116, 81, 42, 37]","[159.0, 158.0, 157.0, 156.0, 155.0, 154.0, 153.0, 152.0, 151.0, 150.0, 149.0, 148.0, 147.0, 146.0, 145.0, 144.0, 143.0, 142.0, 141.0, 140.0]"
test,93,145,"[135, 138, 109, 148, 7, 77, 51, 92, 57, 58, 147, 10, 62, 93, 32, 125, 108, 145, 117, 111]","[159.0, 158.0, 157.0, 156.0, 155.0, 154.0, 153.0, 152.0, 151.0, 150.0, 149.0, 148.0, 147.0, 146.0, 145.0, 144.0, 143.0, 142.0, 141.0, 140.0]"
test,94,150,"[127, 66, 84, 120, 60, 9, 89, 4, 97, 71, 129, 44, 107, 152, 3, 87, 59, 49, 101, 52]","[159.0, 158.0, 157.0, 156.0, 155.0, 154.0, 153.0, 152.0, 151.0, 150.0, 149.0, 148.0, 147.0, 146.0, 145.0, 144.0, 143.0, 142.0, 141.0, 140.0]"
test,95,65,"[106, 129, 153, 89, 76, 43, 47, 44, 85, 136, 59, 6, 95, 107, 49, 112, 70, 108, 28, 7]","[159.0, 158.0, 157.0, 156.0, 155.0, 154.0, 153.0, 152.0, 151.0, 150.0, 149.0, 148.0, 147.0, 146.0, 145.0, 144.0, 143.0, 142.0, 141.0, 140.0]"
test,96,118,"[60, 118, 112, 84, 21, 97, 13, 65, 96, 66, 18, 150, 68, 4, 133, 107, 26, 87, 11, 47]","[159.0, 158.0, 157.0, 156.0, 155.0, 154.0, 153.0, 152.0, 151.0, 150.0, 149.0, 148.0, 147.0, 146.0, 145.0, 144.0, 143.0, 142.0, 141.0, 140.0]"
test,97,21,"[97, 84, 66, 59, 13, 21, 142, 76, 65, 104, 127, 129, 153, 60, 112, 49, 44, 6, 87, 63]","[159.0, 158.0, 157.0, 156.0, 155.0, 154.0, 153.0, 152.0, 151.0, 150.0, 149.0, 148.0, 147.0, 146.0, 145.0, 144.0, 143.0, 142.0, 141.0, 140.0]"
test,98,112,"[13, 65, 84, 127, 97, 112, 66, 142, 118, 96, 59, 150, 94, 137, 133, 126, 93, 86, 47, 49]","[159.0, 158.0, 157.0, 156.0, 155.0, 154.0, 153.0, 152.0, 151.0, 150.0, 149.0, 148.0, 147.0, 146.0, 145.0, 144.0, 143.0, 142.0, 141.0, 140.0]"
test,99,133,"[77, 62, 117, 7, 58, 51, 10, 53, 108, 145, 109, 104, 34, 93, 125, 28, 135, 153, 147, 129]","[159.0, 158.0, 157.0, 156.0, 155.0, 154.0, 153.0, 152.0, 151.0, 150.0, 149.0, 148.0, 147.0, 146.0, 145.0, 144.0, 143.0, 142.0, 141.0, 140.0]"
test,100,150,"[137, 27, 29, 86, 21, 6, 43, 68, 65, 49, 150, 44, 95, 93, 59, 97, 60, 40, 127, 145]","[159.0, 158.0, 157.0, 156.0, 155.0, 154.0, 153.0, 152.0, 151.0, 150.0, 149.0, 148.0, 147.0, 146.0, 145.0, 144.0, 143.0, 142.0, 141.0, 140.0]"
test,101,27,"[89, 43, 106, 40, 104, 44, 153, 129, 76, 6, 49, 85, 94, 68, 100, 95, 47, 107, 70, 21]","[159.0, 158.0, 157.0, 156.0, 155.0, 154.0, 153.0, 152.0, 151.0, 150.0, 149.0, 148.0, 147.0, 146.0, 145.0, 144.0, 143.0, 142.0, 141.0, 140.0]"
test,102,77,"[138, 98, 58, 7, 148, 51, 62, 77, 2, 57, 117, 53, 93, 92, 147, 10, 34, 145, 70, 108]","[159.0, 158.0, 157.0, 156.0, 155.0, 154.0, 153.0, 152.0, 151.0, 150.0, 149.0, 148.0, 147.0, 146.0, 145.0, 144.0, 143.0, 142.0, 141.0, 140.0]"
test,103,6,"[89, 43, 59, 70, 6, 85, 76, 104, 153, 40, 129, 136, 106, 95, 12, 107, 94, 11, 68, 27]","[159.0, 158.0, 157.0, 156.0, 155.0, 154.0, 153.0, 152.0, 151.0, 150.0, 149.0, 148.0, 147.0, 146.0, 145.0, 144.0, 143.0, 142.0, 141.0, 140.0]"
test,104,13,"[53, 28, 93, 77, 135, 62, 32, 7, 34, 2, 39, 51, 98, 58, 145, 117, 138, 11, 109, 10]","[159.0, 158.0, 157.0, 156.0, 155.0, 154.0, 153.0, 152.0, 151.0, 150.0, 149.0, 148.0, 147.0, 146.0, 145.0, 144.0, 143.0, 142.0, 141.0, 140.0]"
test,105,32,"[53, 28, 125, 32, 23, 135, 98, 148, 93, 77, 147, 138, 57, 155, 10, 2, 39, 145, 116, 157]","[159.0, 158.0, 157.0, 156.0, 155.0, 154.0, 153.0, 152.0, 151.0, 150.0, 149.0, 148.0, 147.0, 146.0, 145.0, 144.0, 143.0, 142.0, 141.0, 140.0]"
test,106,84,"[89, 76, 43, 49, 153, 59, 29, 44, 70, 27, 129, 85, 106, 107, 11, 104, 12, 95, 100, 68]","[159.0, 158.0, 157.0, 156.0, 155.0, 154.0, 153.0, 152.0, 151.0, 150.0, 149.0, 148.0, 147.0, 146.0, 145.0, 144.0, 143.0, 142.0, 141.0, 140.0]"
test,107,127,"[13, 65, 21, 127, 84, 97, 112, 66, 142, 150, 118, 96, 137, 133, 95, 86, 100, 6, 126, 107]","[159.0, 158.0, 157.0, 156.0, 155.0, 154.0, 153.0, 152.0, 151.0, 150.0, 149.0, 148.0, 147.0, 146.0, 145.0, 144.0, 143.0, 142.0, 141.0, 140.0]"
test,108,95,"[2, 117, 62, 7, 58, 51, 145, 10, 34, 108, 93, 28, 109, 125, 135, 32, 23, 24, 39, 104]","[159.0, 158.0, 157.0, 156.0, 155.0, 154.0, 153.0, 152.0, 151.0, 150.0, 149.0, 148.0, 147.0, 146.0, 145.0, 144.0, 143.0, 142.0, 141.0, 140.0]"
test,109,150,"[84, 112, 97, 21, 13, 96, 66, 87, 18, 4, 150, 67, 26, 107, 37, 88, 44, 80, 102, 133]","[159.0, 158.0, 157.0, 156.0, 155.0, 154.0, 153.0, 152.0, 151.0, 150.0, 149.0, 148.0, 147.0, 146.0, 145.0, 144.0, 143.0, 142.0, 141.0, 140.0]"
test,110,97,"[97, 66, 13, 60, 65, 21, 96, 112, 81, 142, 143, 156, 68, 126, 114, 124, 40, 150, 129, 122]","[159.0, 158.0, 157.0, 156.0, 155.0, 154.0, 153.0, 152.0, 151.0, 150.0, 149.0, 148.0, 147.0, 146.0, 145.0, 144.0, 143.0, 142.0, 141.0, 140.0]"
test,111,21,"[89, 6, 76, 43, 104, 129, 44, 59, 49, 106, 70, 153, 94, 85, 40, 12, 95, 100, 96, 27]","[159.0, 158.0, 157.0, 156.0, 155.0, 154.0, 153.0, 152.0, 151.0, 150.0, 149.0, 148.0, 147.0, 146.0, 145.0, 144.0, 143.0, 142.0, 141.0, 140.0]"
test,112,150,"[13, 65, 21, 127, 84, 97, 112, 66, 142, 68, 150, 104, 59, 118, 106, 96, 137, 94, 129, 40]","[159.0, 158.0, 157.0, 156.0, 155.0, 154.0, 153.0, 152.0, 151.0, 150.0, 149.0, 148.0, 147.0, 146.0, 145.0, 144.0, 143.0, 142.0, 141.0, 140.0]"
test,113,84,"[137, 6, 133, 49, 44, 76, 86, 21, 95, 150, 94, 12, 47, 46, 96, 136, 35, 90, 149, 38]","[159.0, 158.0, 157.0, 156.0, 155.0, 154.0, 153.0, 152.0, 151.0, 150.0, 149.0, 148.0, 147.0, 146.0, 145.0, 144.0, 143.0, 142.0, 141.0, 140.0]"
test,114,142,"[27, 150, 11, 89, 49, 21, 65, 44, 97, 43, 76, 70, 59, 85, 107, 60, 7, 12, 68, 40]","[159.0, 158.0, 157.0, 156.0, 155.0, 154.0, 153.0, 152.0, 151.0, 150.0, 149.0, 148.0, 147.0, 146.0, 145.0, 144.0, 143.0, 142.0, 141.0, 140.0]"
test,115,150,"[84, 97, 96, 13, 153, 89, 60, 21, 4, 118, 112, 127, 142, 68, 37, 87, 150, 126, 121, 88]","[159.0, 158.0, 157.0, 156.0, 155.0, 154.0, 153.0, 152.0, 151.0, 150.0, 149.0, 148.0, 147.0, 146.0, 145.0, 144.0, 143.0, 142.0, 141.0, 140.0]"
test,116,150,"[21, 13, 142, 112, 68, 100, 137, 126, 106, 59, 104, 151, 150, 76, 129, 40, 133, 89, 47, 107]","[159.0, 158.0, 157.0, 156.0, 155.0, 154.0, 153.0, 152.0, 151.0, 150.0, 149.0, 148.0, 147.0, 146.0, 145.0, 144.0, 143.0, 142.0, 141.0, 140.0]"
test,117,66,"[139, 110, 120, 48, 87, 37, 115, 38, 131, 63, 41, 19, 33, 124, 42, 101, 52, 71, 1, 121]","[159.0, 158.0, 157.0, 156.0, 155.0, 154.0, 153.0, 152.0, 151.0, 150.0, 149.0, 148.0, 147.0, 146.0, 145.0, 144.0, 143.0, 142.0, 141.0, 140.0]"
test,118,107,"[89, 43, 59, 49, 6, 85, 76, 129, 136, 95, 12, 107, 94, 11, 27, 47, 29, 137, 88, 133]","[159.0, 158.0, 157.0, 156.0, 155.0, 154.0, 153.0, 152.0, 151.0, 150.0, 149.0, 148.0, 147.0, 146.0, 145.0, 144.0, 143.0, 142.0, 141.0, 140.0]"
test,119,118,"[27, 6, 137, 11, 133, 86, 49, 44, 68, 76, 70, 150, 21, 129, 85, 100, 13, 66, 60, 35]","[159.0, 158.0, 157.0, 156.0, 155.0, 154.0, 153.0, 152.0, 151.0, 150.0, 149.0, 148.0, 147.0, 146.0, 145.0, 144.0, 143.0, 142.0, 141.0, 140.0]"
test,120,142,"[39, 93, 145, 77, 117, 125, 62, 10, 108, 2, 109, 92, 73, 24, 11, 83, 28, 135, 7, 147]","[159.0, 158.0, 157.0, 156.0, 155.0, 154.0, 153.0, 152.0, 151.0, 150.0, 149.0, 148.0, 147.0, 146.0, 145.0, 144.0, 143.0, 142.0, 141.0, 140.0]"
test,121,60,"[137, 86, 29, 112, 133, 7, 66, 93, 84, 18, 6, 60, 153, 95, 27, 11, 13, 21, 88, 73]","[159.0, 158.0, 157.0, 156.0, 155.0, 154.0, 153.0, 152.0, 151.0, 150.0, 149.0, 148.0, 147.0, 146.0, 145.0, 144.0, 143.0, 142.0, 141.0, 140.0]"
test,122,97,"[127, 66, 94, 84, 120, 60, 9, 4, 97, 129, 71, 12, 101, 52, 37, 95, 119, 139, 13, 146]","[159.0, 158.0, 157.0, 156.0, 155.0, 154.0, 153.0, 152.0, 151.0, 150.0, 149.0, 148.0, 147.0, 146.0, 145.0, 144.0, 143.0, 142.0, 141.0, 140.0]"
test,123,154,"[87, 48, 63, 121, 46, 42, 33, 139, 115, 41, 19, 38, 1, 119, 131, 50, 78, 64, 152, 54]","[159.0, 158.0, 157.0, 156.0, 155.0, 154.0, 153.0, 152.0, 151.0, 150.0, 149.0, 148.0, 147.0, 146.0, 145.0, 144.0, 143.0, 142.0, 141.0, 140.0]"
test,124,95,"[100, 129, 104, 153, 76, 47, 6, 59, 43, 94, 136, 85, 95, 44, 70, 40, 12, 112, 29, 21]","[159.0, 158.0, 157.0, 156.0, 155.0, 154.0, 153.0, 152.0, 151.0, 150.0, 149.0, 148.0, 147.0, 146.0, 145.0, 144.0, 143.0, 142.0, 141.0, 140.0]"
test,125,60,"[66, 60, 84, 97, 13, 150, 142, 137, 21, 96, 127, 133, 6, 68, 107, 112, 86, 95, 89, 7]","[159.0, 158.0, 157.0, 156.0, 155.0, 154.0, 153.0, 152.0, 151.0, 150.0, 149.0, 148.0, 147.0, 146.0, 145.0, 144.0, 143.0, 142.0, 141.0, 140.0]"
test,126,77,"[116, 99, 144, 61, 123, 155, 114, 72, 53, 122, 24, 23, 57, 54, 78, 146, 28, 147, 140, 69]","[159.0, 158.0, 157.0, 156.0, 155.0, 154.0, 153.0, 152.0, 151.0, 150.0, 149.0, 148.0, 147.0, 146.0, 145.0, 144.0, 143.0, 142.0, 141.0, 140.0]"
test,127,65,"[137, 29, 86, 65, 142, 133, 112, 6, 66, 97, 95, 7, 11, 84, 60, 27, 93, 18, 127, 76]","[159.0, 158.0, 157.0, 156.0, 155.0, 154.0, 153.0, 152.0, 151.0, 150.0, 149.0, 148.0, 147.0, 146.0, 145.0, 144.0, 143.0, 142.0, 141.0, 140.0]"
test,128,142,"[50, 8, 69, 122, 16, 141, 143, 154, 53, 54, 140, 72, 151, 17, 55, 126, 67, 131, 77, 24]","[159.0, 158.0, 157.0, 156.0, 155.0, 154.0, 153.0, 152.0, 151.0, 150.0, 149.0, 148.0, 147.0, 146.0, 145.0, 144.0, 143.0, 142.0, 141.0, 140.0]"
test,129,118,"[89, 43, 104, 44, 49, 70, 94, 85, 12, 95, 96, 41, 27, 120, 47, 87, 3, 146, 139, 133]","[159.0, 158.0, 157.0, 156.0, 155.0, 154.0, 153.0, 152.0, 151.0, 150.0, 149.0, 148.0, 147.0, 146.0, 145.0, 144.0, 143.0, 142.0, 141.0, 140.0]"
test,130,60,"[87, 113, 42, 38, 9, 119, 156, 71, 37, 80, 132, 56, 122, 78, 15, 50, 143, 114, 61, 72]","[159.0, 158.0, 157.0, 156.0, 155.0, 154.0, 153.0, 152.0, 151.0, 150.0, 149.0, 148.0, 147.0, 146.0, 145.0, 144.0, 143.0, 142.0, 141.0, 140.0]"
test,131,142,"[43, 106, 6, 129, 153, 104, 44, 40, 59, 68, 12, 100, 136, 85, 47, 49, 107, 70, 27, 21]","[159.0, 158.0, 157.0, 156.0, 155.0, 154.0, 153.0, 152.0, 151.0, 150.0, 149.0, 148.0, 147.0, 146.0, 145.0, 144.0, 143.0, 142.0, 141.0, 140.0]"
test,132,65,"[6, 137, 133, 43, 44, 59, 89, 11, 70, 107, 86, 68, 21, 94, 12, 153, 40, 100, 47, 150]","[159.0, 158.0, 157.0, 156.0, 155.0, 154.0, 153.0, 152.0, 151.0, 150.0, 149.0, 148.0, 147.0, 146.0, 145.0, 144.0, 143.0, 142.0, 141.0, 140.0]"
test,133,148,"[148, 53, 147, 77, 58, 51, 7, 2, 92, 62, 93, 117, 24, 10, 54, 34, 28, 23, 125, 145]","[159.0, 158.0, 157.0, 156.0, 155.0, 154.0, 153.0, 152.0, 151.0, 150.0, 149.0, 148.0, 147.0, 146.0, 145.0, 144.0, 143.0, 142.0, 141.0, 140.0]"
test,134,27,"[89, 43, 106, 40, 153, 104, 44, 76, 6, 129, 49, 85, 94, 68, 95, 100, 47, 107, 70, 21]","[159.0, 158.0, 157.0, 156.0, 155.0, 154.0, 153.0, 152.0, 151.0, 150.0, 149.0, 148.0, 147.0, 146.0, 145.0, 144.0, 143.0, 142.0, 141.0, 140.0]"
test,135,127,"[66, 84, 97, 13, 142, 150, 21, 96, 127, 137, 133, 112, 126, 118, 86, 6, 95, 7, 59, 10]","[159.0, 158.0, 157.0, 156.0, 155.0, 154.0, 153.0, 152.0, 151.0, 150.0, 149.0, 148.0, 147.0, 146.0, 145.0, 144.0, 143.0, 142.0, 141.0, 140.0]"
test,136,137,"[57, 135, 148, 77, 2, 53, 108, 10, 62, 109, 58, 24, 7, 93, 51, 117, 98, 145, 138, 116]","[159.0, 158.0, 157.0, 156.0, 155.0, 154.0, 153.0, 152.0, 151.0, 150.0, 149.0, 148.0, 147.0, 146.0, 145.0, 144.0, 143.0, 142.0, 141.0, 140.0]"
test,137,77,"[135, 28, 148, 23, 77, 98, 2, 109, 138, 32, 125, 7, 62, 117, 51, 147, 58, 57, 157, 10]","[159.0, 158.0, 157.0, 156.0, 155.0, 154.0, 153.0, 152.0, 151.0, 150.0, 149.0, 148.0, 147.0, 146.0, 145.0, 144.0, 143.0, 142.0, 141.0, 140.0]"
test,138,127,"[127, 94, 66, 84, 60, 120, 4, 44, 9, 97, 107, 49, 71, 152, 3, 87, 101, 106, 52, 13]","[159.0, 158.0, 157.0, 156.0, 155.0, 154.0, 153.0, 152.0, 151.0, 150.0, 149.0, 148.0, 147.0, 146.0, 145.0, 144.0, 143.0, 142.0, 141.0, 140.0]"
test,139,95,"[100, 129, 104, 106, 89, 153, 76, 47, 6, 59, 43, 94, 70, 136, 85, 95, 12, 44, 40, 112]","[159.0, 158.0, 157.0, 156.0, 155.0, 154.0, 153.0, 152.0, 151.0, 150.0, 149.0, 148.0, 147.0, 146.0, 145.0, 144.0, 143.0, 142.0, 141.0, 140.0]"
test,140,97,"[60, 84, 59, 127, 129, 94, 97, 66, 96, 153, 112, 65, 133, 126, 76, 29, 137, 12, 44, 7]","[159.0, 158.0, 157.0, 156.0, 155.0, 154.0, 153.0, 152.0, 151.0, 150.0, 149.0, 148.0, 147.0, 146.0, 145.0, 144.0, 143.0, 142.0, 141.0, 140.0]"
test,141,142,"[43, 12, 89, 40, 6, 47, 136, 76, 29, 44, 153, 85, 49, 68, 59, 106, 104, 137, 94, 27]","[159.0, 158.0, 157.0, 156.0, 155.0, 154.0, 153.0, 152.0, 151.0, 150.0, 149.0, 148.0, 147.0, 146.0, 145.0, 144.0, 143.0, 142.0, 141.0, 140.0]"
test,142,66,"[145, 109, 10, 138, 24, 148, 7, 28, 53, 137, 125, 6, 108, 147, 32, 57, 2, 133, 150, 86]","[159.0, 158.0, 157.0, 156.0, 155.0, 154.0, 153.0, 152.0, 151.0, 150.0, 149.0, 148.0, 147.0, 146.0, 145.0, 144.0, 143.0, 142.0, 141.0, 140.0]"
test,143,66,"[117, 2, 62, 7, 145, 34, 10, 108, 93, 125, 109, 32, 39, 104, 146, 29, 153, 57, 147, 154]","[159.0, 158.0, 157.0, 156.0, 155.0, 154.0, 153.0, 152.0, 151.0, 150.0, 149.0, 148.0, 147.0, 146.0, 145.0, 144.0, 143.0, 142.0, 141.0, 140.0]"
test,144,127,"[13, 65, 21, 84, 127, 97, 112, 66, 142, 118, 96, 150, 137, 95, 29, 133, 44, 86, 6, 12]","[159.0, 158.0, 157.0, 156.0, 155.0, 154.0, 153.0, 152.0, 151.0, 150.0, 149.0, 148.0, 147.0, 146.0, 145.0, 144.0, 143.0, 142.0, 141.0, 140.0]"
test,145,65,"[89, 59, 43, 44, 70, 76, 85, 129, 40, 12, 27, 95, 106, 104, 107, 153, 94, 11, 47, 68]","[159.0, 158.0, 157.0, 156.0, 155.0, 154.0, 153.0, 152.0, 151.0, 150.0, 149.0, 148.0, 147.0, 146.0, 145.0, 144.0, 143.0, 142.0, 141.0, 140.0]"
test,146,97,"[60, 118, 112, 21, 84, 13, 97, 65, 96, 18, 150, 66, 68, 133, 94, 7, 137, 44, 104, 11]","[159.0, 158.0, 157.0, 156.0, 155.0, 154.0, 153.0, 152.0, 151.0, 150.0, 149.0, 148.0, 147.0, 146.0, 145.0, 144.0, 143.0, 142.0, 141.0, 140.0]"
test,147,96,"[118, 112, 21, 13, 65, 96, 66, 18, 87, 150, 68, 4, 94, 126, 133, 107, 26, 44, 142, 104]","[159.0, 158.0, 157.0, 156.0, 155.0, 154.0, 153.0, 152.0, 151.0, 150.0, 149.0, 148.0, 147.0, 146.0, 145.0, 144.0, 143.0, 142.0, 141.0, 140.0]"
test,148,150,"[138, 98, 148, 109, 53, 57, 147, 77, 58, 51, 92, 2, 7, 62, 93, 24, 117, 54, 10, 28]","[159.0, 158.0, 157.0, 156.0, 155.0, 154.0, 153.0, 152.0, 151.0, 150.0, 149.0, 148.0, 147.0, 146.0, 145.0, 144.0, 143.0, 142.0, 141.0, 140.0]"
test,149,150,"[150, 11, 27, 18, 21, 68, 65, 128, 70, 102, 66, 47, 45, 59, 84, 111, 60, 43, 127, 105]","[159.0, 158.0, 157.0, 156.0, 155.0, 154.0, 153.0, 152.0, 151.0, 150.0, 149.0, 148.0, 147.0, 146.0, 145.0, 144.0, 143.0, 142.0, 141.0, 140.0]"
test,150,118,"[97, 66, 60, 13, 21, 65, 96, 127, 112, 118, 68, 142, 40, 81, 129, 106, 104, 156, 126, 100]","[159.0, 158.0, 157.0, 156.0, 155.0, 154.0, 153.0, 152.0, 151.0, 150.0, 149.0, 148.0, 147.0, 146.0, 145.0, 144.0, 143.0, 142.0, 141.0, 140.0]"
test,151,142,"[6, 59, 44, 70, 76, 85, 129, 95, 104, 106, 27, 107, 94, 153, 11, 47, 29, 137, 133, 96]","[159.0, 158.0, 157.0, 156.0, 155.0, 154.0, 153.0, 152.0, 151.0, 150.0, 149.0, 148.0, 147.0, 146.0, 145.0, 144.0, 143.0, 142.0, 141.0, 140.0]"
test,152,86,"[46, 101, 52, 9, 64, 37, 42, 50, 56, 152, 15, 102, 122, 114, 83, 134, 124, 78, 143, 61]","[159.0, 158.0, 157.0, 156.0, 155.0, 154.0, 153.0, 152.0, 151.0, 150.0, 149.0, 148.0, 147.0, 146.0, 145.0, 144.0, 143.0, 142.0, 141.0, 140.0]"
test,153,127,"[13, 65, 84, 21, 127, 97, 112, 66, 142, 68, 106, 104, 96, 129, 59, 94, 150, 137, 40, 95]","[159.0, 158.0, 157.0, 156.0, 155.0, 154.0, 153.0, 152.0, 151.0, 150.0, 149.0, 148.0, 147.0, 146.0, 145.0, 144.0, 143.0, 142.0, 141.0, 140.0]"
test,154,137,"[76, 43, 129, 104, 44, 59, 106, 49, 70, 153, 94, 85, 40, 136, 12, 95, 100, 96, 27, 41]","[159.0, 158.0, 157.0, 156.0, 155.0, 154.0, 153.0, 152.0, 151.0, 150.0, 149.0, 148.0, 147.0, 146.0, 145.0, 144.0, 143.0, 142.0, 141.0, 140.0]"
test,155,27,"[137, 27, 29, 86, 6, 21, 89, 43, 11, 93, 49, 150, 76, 44, 68, 65, 95, 59, 107, 94]","[159.0, 158.0, 157.0, 156.0, 155.0, 154.0, 153.0, 152.0, 151.0, 150.0, 149.0, 148.0, 147.0, 146.0, 145.0, 144.0, 143.0, 142.0, 141.0, 140.0]"
test,156,21,"[89, 129, 76, 94, 106, 47, 44, 59, 6, 29, 12, 49, 70, 85, 11, 100, 107, 133, 27, 7]","[159.0, 158.0, 157.0, 156.0, 155.0, 154.0, 153.0, 152.0, 151.0, 150.0, 149.0, 148.0, 147.0, 146.0, 145.0, 144.0, 143.0, 142.0, 141.0, 140.0]"
test,157,136,"[145, 77, 109, 10, 135, 138, 24, 7, 28, 53, 137, 117, 6, 62, 108, 98, 147, 58, 32, 57]","[159.0, 158.0, 157.0, 156.0, 155.0, 154.0, 153.0, 152.0, 151.0, 150.0, 149.0, 148.0, 147.0, 146.0, 145.0, 144.0, 143.0, 142.0, 141.0, 140.0]"
test,158,21,"[89, 153, 129, 43, 76, 104, 11, 47, 44, 6, 85, 12, 68, 70, 95, 49, 107, 29, 66, 28]","[159.0, 158.0, 157.0, 156.0, 155.0, 154.0, 153.0, 152.0, 151.0, 150.0, 149.0, 148.0, 147.0, 146.0, 145.0, 144.0, 143.0, 142.0, 141.0, 140.0]"
test,159,97,"[60, 84, 112, 97, 21, 13, 65, 96, 66, 18, 4, 150, 68, 67, 26, 94, 126, 107, 88, 37]","[159.0, 158.0, 157.0, 156.0, 155.0, 154.0, 153.0, 152.0, 151.0, 150.0, 149.0, 148.0, 147.0, 146.0, 145.0, 144.0, 143.0, 142.0, 141.0, 140.0]"
test,160,127,"[66, 60, 84, 97, 142, 150, 96, 127, 137, 133, 112, 107, 118, 126, 86, 6, 95, 11, 153, 59]","[159.0, 158.0, 157.0, 156.0, 155.0, 154.0, 153.0, 152.0, 151.0, 150.0, 149.0, 148.0, 147.0, 146.0, 145.0, 144.0, 143.0, 142.0, 141.0, 140.0]"
test,161,60,"[29, 6, 137, 133, 59, 76, 68, 86, 95, 21, 12, 150, 96, 46, 66, 35, 129, 7, 8, 65]","[159.0, 158.0, 157.0, 156.0, 155.0, 154.0, 153.0, 152.0, 151.0, 150.0, 149.0, 148.0, 147.0, 146.0, 145.0, 144.0, 143.0, 142.0, 141.0, 140.0]"
test,162,84,"[86, 150, 89, 21, 65, 145, 60, 107, 7, 84, 66, 142, 13, 127, 95, 88, 10, 28, 18, 96]","[159.0, 158.0, 157.0, 156.0, 155.0, 154.0, 153.0, 152.0, 151.0, 150.0, 149.0, 148.0, 147.0, 146.0, 145.0, 144.0, 143.0, 142.0, 141.0, 140.0]"
